facility_name,facility_address
The Springs of Searcy,"1205 Skyline Dr, Searcy, AR"
Creekside at The Springs,"620 North Panther Avenue, Yellville, AR"
Premier at The Springs,"3600 Richards Road, North Little Rock, AR"
The Springs of Chenal,"3115 South Bowman Road, Little Rock, AR"
The Springs of Harrison,"115 Orendorff, Harrison, AR"
The Springs of John Barrow,"2600 John Barrow Road, Little Rock, AR"
The Springs of Pinnacle Mountain,"6411 Valley Ranch Drive, Little Rock, AR"
The Springs of Mt Vista,"202 Tims Avenue, Harrison, AR"
Nightingale at Glenwood,"615 Mountain View Road, Glenwood, AR"
Nightingale at Arkadelphia,"2701 Twin Rivers Drive, Arkadelphia, AR"
Nightingale at Crossett,"1101 Waterwell Road, Crossett, AR"
Nightingale at Stonegate,"118 Jerry Selby, Crossett, AR"
"The Woods, A Nightingale Community","1194 N Chester St., Monticello, AR"
Siloam Springs Nursing & Rehab,"811 W Elgin St, Siloam Springs, AR"
(Old) Cottage Lane Health and Rehab,"800 Brookside Dr, Little Rock, AR"
(Old) Oakdale in Judsonia,"101 Cynthia St, Judsonia, AR"
Presbyterian Village,"510 North Brookside Drive, Little Rock, AR"
The Springs of Broadway,"800 W Broadway Ave, West Memphis, AR"
The Springs of Avalon,"610 S Avalon St, West Memphis, AR"
CrestPark Forrest City,"500 Kittle Rd., Forrest City, AR"
The Springs of Texarkana,"2107 Dudley St, Texarkana, AR"
CrestPark Marianna,"700 West Chestnutt St, Marianna, AR"
CrestPark DeWitt,"1325 Liberty Dr., Dewitt, AR"
The Springs of Fairfield Bay,"265 Dave Creek Pkwy, Fairfield Bay, AR"
The Springs of Pine Bluff,"6301 S Hazel St, Pine Bluff, AR"
The Springs of Waldron,"1369 West 6th Street, Waldron, AR"
The Springs of Jonesboro,"1705 Latourette Dr, Jonesboro, AR"
Hillcrest Home,"1111 Maplewood Rd, Harrison, AR"
The Springs of Brinkley,"1214 US 49, Brinkley, AR"
The Springs of Batesville,"1975 White Dr., Batesville, AR"
The Springs of Greerâ€™s Ferry,"1040 Wedding Ford Rd., Heber Springs, AR"
Advanced Center For Nursing And Rehabilitation,"169 DAVENPORT AVE., NEW HAVEN, CT"
Advanced/New Haven,", , CT"
Southport Center for Nursing and Rehabilitation,"930 MILL HILL TERR., SOUTHPORT, CT"
Fairfield/West Haven,", , CT"
New Haven Center for Nursing and Rehabilitation,"181 CLIFTON ST, NEW HAVEN, CT"
New Haven/ Torrington,", , CT"
RegalCare at Prospect,"25 ROYAL CREST DR., PROSPECT, CT"
Torrington Center for Nursing and Rehabilitation,"80 Fern Dr., Torrington, CT"
Torrington/ Waterbury,", , CT"
Torrington/West Haven,", , CT"
Vanderman Place,"595 Valley St., Willimantic, CT"
Waterbury Center for Nursing and Rehabilitation,"177 Whitewood Rd., Waterbury, CT"
Waterbury/Advanced,", , CT"
Waterbury/Prospect,", , CT"
West Haven Center for Nursing and Rehabilitation,"310 TERRACE AVE., WEST HAVEN, CT"
West Haven/Advanced,", , CT"
Advanced/Waterbury,"128 Cedar Ave., Waterbury, CT"
RegalCare at West Haven,"310 TERRACE AVE., WEST HAVEN, CT"
Waterbury/West Haven,", , CT"
Davis Place,"111 Westcott Rd, Danielson, CT"
Montowese Health & Rehab Center,"163 Quinnipiac Ave., North Haven, CT"
Bridgeport Manor,"540 Bond St., Bridgeport, CT"
Monsignor Bojnowski Manor,"50 Pulaski Street, New Britain, CT"
Wilton Meadows Health Care Center,"439 Danbury Rd, Wilton, CT"
Bridgeport Healthcare Center,"600 Bond St, Bridgeport, CT"
Rosegarden Health & Rehab Center,"3584 E Main St, Waterbury, CT"
Greenwich Woods Health Care Center,"1165 King ST, Greenwich, CT"
Victorian Gardens,"122 East Main Street, Plainville, CT"
Brighton Gardens of Stamford,"59 Roxbury Rd., Stamford, CT"
Watertown Convalarium,"560 Woodbury Rd., Watertown, CT"
Grimes YNHC Center,"1354 Chapel St, New Haven, CT"
RegalCare at Greenwich,"1188 King St., Greenwich, CT"
The Greens at Cannondale,"435 Danbury Rd., Wilton, CT"
Maplewood at Darien,"599 Post Rd, darien, CT"
Glen Hill Center,"1 Glen Hill Rd., Danbury, CT"
Maplewood of Newtown,"166 Mount Pleasant Rd, Newtown, CT"
Watertown (Old),"560 Woodbury Rd, Watertown, CT"
Maplewood at Stony Hill,"46 Stony Hill Rd., Bethel, CT"
Maplewood of Danbury,"22 Hospital Ave., DANBURY, CT"
Grandview Rehabilitation and Healthcare Center,"55 Grand Street, New Britain, CT"
The Greens at Greenwich,"1155 King St, Greenwich, CT"
West River Healthcare Center,"245 Orange Ave, milford, CT"
St Joseph's Center,"6448 Main Street, Trumbull, CT"
Candlewood Valley Health Care Center,"30 Park Ln E, New Milford, CT"
Trinity Hill Care Center LLC,"151 Hillside Ave., Hartford, CT"
Saint John Paul II Center,"33 Lincoln Ave., Danbury, CT"
Sunrise Senior Living,"251 Turn of River Rd, Stamford, CT"
Park Place Health Center,"5 Greenwood St., hartford, CT"
Chelsea Place Care Center LLC,"25 Lorraine St, Hartford, CT"
Milford Health Care Center,"195 Platt St, Milford, CT"
St Camillus Center,"494 Elm St, Stamford, CT"
Fresh River Kettle Brook  Care Center LLC,"96 Prospect Hill Rd, East Windsor, CT"
60 West Secure Care Options,"60 West St, Rocky hill, CT"
Regency House of Wallingford,"181 E Main St, Wallingford, CT"
Glendale Center,"4 Hazel Ave, Naugatuck, CT"
Meriden Silver Springs Care Center,"33 Roy St, Meriden, CT"
Leeway Inc,"40 Albert St, New Haven, CT"
Glastonbury Health Care Center,"1175 Hebron Ave, Glastonbury, CT"
Addison Place,"1177 Hebron Ave, Glastonbury, CT"
"Geer Nursing and Rehab
Geer Village Outpatient Physical Therapy","99 South Canaan Road, Canaan, CT"
Whispering Pines Rehabilitation and Nursing Center,"38 Talmadge Ave, East Haven, CT"
Autumn Lake Healthcare at Cromwell,"385 Main St, Cromwell, CT"
Bloomfield Health Care Center - SNF,"355 Park Ave, Bloomfield, CT"
Arden House,"850 Mix Ave, Hamden, CT"
Abbott Terrace HC,"44 Abbott terrace, Waterbury, CT"
Stone Bridge Rehabilitation and Health Care Center,"139 Toddy Hill Road, Newtown, CT"
Geer Village Lodge ALF,"77 South Canaan Rd, Canaan, CT"
Salmon Brook Rehab & Nursing,"72 Salmon Brook Dr, Glastonbury, CT"
Skyview Rehab & Nursing,"35 Marc Dr, Wallingford, CT"
The Cascades ALF,"13 Parklawn Dr  #100, Bethel, CT"
Bethel Health Care Center,"13 Parklawn Dr, Bethel, CT"
Three Rivers Healthcare,"60 Crouch Ave, Norwich, CT"
Madison House Care and Rehab,"34 Wildwood Ave, Madison, CT"
The Mews in Greenwich ALF,"2 Bolling Place, Greenwich, CT"
Wadsworth Glen Health Care and Rehab,"30 Boston Rd, Middletown, CT"
Windsor Health and Rehab,"581 Poquonock Ave, Windsor, CT"
Bridges by EPOCH at Trumbull ALF,"2415 Reservoir Ave, Trumbull, CT"
Valerie Manor Healthcare Center,"1360 Torringford St, Torrington, CT"
Groton Regency Center,"1145 Poquonnock Rd, Groton, CT"
The Villa at Stamford,"88 Rock Rimmon Rd, Stamford, CT"
Prime Health Care,"925 Sullivan Ave, South Windsor, CT"
Groton Regency ALF,"1145 Poquonnock Rd, Groton, CT"
Wolcott View Manor Health & Rehabilitation Center,"50 Beach Rd, Wolcott, CT"
Waterbury Gardens,"128 Cedar Ave, Waterbury, CT"
Torrington Specialty Care Health&Rehab Center,"225 Wyoming Ave, Torrington, CT"
Maplewood at Strawberry Hill,"73 Strawberry Hill Ave, Norwalk, CT"
Westfield Care&Rehab Center,"65 Westfield Rd, Meriden, CT"
Sheriden Woods Health Care Center,"321 Stonecrest Dr, Bristol, CT"
test,"test, test, CT"
Golden Hill Rehab Pavilion,"2028 Bridgeport Ave, Milford, CT"
Maplewood at Southport alf,"917 Mill Hill Terrace, Southport, CT"
Amberwoods of Farmington,"416 Colt Hwy, Farmington, CT"
Governor's House,"36 Firetown Rd, Simsbury, CT"
Autumn Lake Healthcare At West Hartford,"1 Emily Way, West Hartford, CT"
Village Green Of Bristol,"23 Fair St, Bristol, CT"
Complete Care at Fox Hill,"1253 Hartford Turnpike, Vernon, CT"
Cobalt Lodge Health Care & Rehab,"29 Middle Haddam Rd, Cobalt, CT"
Parsonage Cottage Senior Residence,"88 Parsonage Rd, Greenwich, CT"
Westport Rehabilitation Complex,"1 Burr Road, Westport, CT"
Gladeview Rehabilitation & Health Care Center,"60 Boston Post Rd, Old Saybrook, CT"
Residence at South Windsor Farms,"200 Deming St, South Windsor, CT"
Residence at Brookside,"117 Simsbury Rd, Avon, CT"
Autumn Lake Healthcare at New Britain,"400 Brittany Farms Rd, New Britain, CT"
Grove Manor Nursing Home Inc.,"145 Grove St, Waterbury, CT"
Autumn Lake Healthcare at Bucks Hill,"2817 N Main St, Waterbury, CT"
The Cascades of Stone Bridge ALF,"139 Toddy Hill Rd, Newtown, CT"
Hamden Health Care Center,"1270 Sherman Ave, Hamden, CT"
Western Rehabilitation Center,"107 Osborne St, Danbury, CT"
Test Facility PCC,", , CT"
Harrington Court,"59 Harrington Ct, Colchester, CT"
Cheshire Regional Rehabilitation Center,"745 Highland Ave, Cheshire, CT"
Highland,"169 DAVENPORT AVE., NEW HAVEN, CT"
Cheshire House,"3396 E Main St, Waterbury, CT"
Civita at Newington,"240 Church St, Newington, CT"
Complete Care at Kimberly Hall North,"1 Emerson Dr, Windsor, CT"
Complete Care at Kimberly Hall South,"1 Emerson Dr, Windsor, CT"
Meriden Center,"845 Paddock Ave., Meriden, CT"
Crescent Point at Niantic,"417 Main St, Niantic, CT"
Academy Point at Mystic,"20 Academy Ln, Mystic, CT"
The Hearth at Tuxis Pond,"100 Bradley Rd, Madison, CT"
The Hearth at Gardenside,"173 Alps Rd, Branford, CT"
Quinnipiac Valley Center,"55 Kondracki Ln, Wallingford, CT"
Litchfield Woods Health Care Center,"255 Roberts St, Torrington, CT"
The Residence at Summer Street,"14 2nd St, Stamford, CT"
The Residence at Westport,"141 Post Rd E, Westport, CT"
The Paramount at Somers Rehabilitation & Nursing Center,"169 DAVENPORT AVE., new haven, CT"
The Residence at Selleck's Woods,"1 Parklands Dr, Darien, CT"
Spring Meadows by Monarch - Trumbull,"6949 Main St, Trumbull, CT"
Suffield by the River,"7 Canal Rd, Suffield, CT"
Village Crest Health and Rehab Center - SN,"19 Poplar St, New Milford, CT"
Notre Dame Convalescent Home,"76 W Rocks Rd, Norwalk, CT"
Jerome Home,"975 Corbin Ave, New Britain, CT"
Beacon Brook Health Center,"89 Weid Dr, Naugatuck, CT"
Middlesex Health Care Center,"100 Randolph Rd, Middletown, CT"
Arbor Rose at Jerome Home,"975 Corbin Ave, New Britain, CT"
Residential Care at Jerome Home,"975 Corbin Ave, New Britain, CT"
Frances Warde Towers,"2021 Albany Ave, West Hartford, CT"
Aaron Manor,"3 S Wig Hill Rd, Chester, CT"
Saint Mary Home,"275 Steele Rd, West Hartford, CT"
Church Hill Village,"2 The Blvd, Newtown, CT"
The Summit at Plantsville,"261 Summit St, Plantsville, CT"
Brookside Residential Care Home,"134 Franklin Street Ext, Danbury, CT"
Mystic Healthcare,"475 High St, Mystic, CT"
Spring Village Stratford,"6911 Main St, Stratford, CT"
Parkway Pavilion Health & Rehabilitation Center,"1157 Enfield St, Enfield, CT"
Villa Maria Nursing & Rehab,"20 Babcock Ave, Plainfield, CT"
Pilgrim Manor at Covenant Living of Cromwell,"52 Missionary Rd, Cromwell, CT"
Covenant Living of Cromwell,"101 West St, Cromwell, CT"
"Beechwood Post Acute, Transitional Care & Long Term Care","31 Vauxhall St, New London, CT"
Spring Village at Danbury,"8 Glen Hill Rd, Danbury, CT"
McLean Healthcare Center,"75 Great Pond Rd, Simsbury, CT"
McLean ALF,"75 Great Pond Rd, Simsbury, CT"
All American At Enfield,"118 Hazard Ave, Enfield, CT"
Watermark at East Hill SN,"611 East Hill Road, Southbury, CT"
Watermark at East Hill ALMC,"611 East Hill Road, Southbury, CT"
Complete Care At Middlebury,"778 Middlebury Rd, Middlebury, CT"
Havencare at Filosa,"13 Hakim St, Danbury, CT"
Havencare at Hancock Hall,"31 Staples St, Danbury, CT"
Cassena Care at Norwalk,"23 Prospect St, Norwalk, CT"
Harbor Village North Health & Rehabilitation Center,"78 Viets St, New London, CT"
Ridgefield Station Senior Living,"55 Old Quarry Rd, Ridgefield, CT"
Mercy Living Center,"114 Wawbeek Ave, Tupper Lake, CT"
McLean ILF,"75 Great Pond Rd, Simsbury, CT"
Miller Memorial Community,"360 Broad St #1, Meriden, CT"
Anthology of Farmington,"1 Bridgewater Rd, Farmington, CT"
CSL of Orange,"197 Indian River Rd, Orange, CT"
Arden Courts of Farmington,"45 South Rd, Farmington, CT"
Autumn Lake Healthcare at The Willows,"225 Amity Road, Woodbridge, CT"
"Westside Manor 
Westside Manor","9 W High St, East Hampton, CT"
Whispering Winds RHC,"37 Clark Avenue, East Haven, CT"
Garden Brook Residential Care Home,"470 Straits Turnpike, Watertown, CT"
Holly View Manor Inc,"38 Prospect Pl, Bristol, CT"
Test Facility,"Test, Test, DE"
Ocean Grove (Atlantic Shores),"231 South Washington St, Millsboro, DE"
Coral Springs,"505 Greenbank Rd, Wilmington, DE"
Bay Terrace,"889 S Little Creek Rd, Dover, DE"
Evergreen (Pinnacle),"3034 South Dupont Blvd, Smyrna, DE"
Milford Center,"700 Marvel Rd, Milford, DE"
Seaford Center,"1100 Norman Eskridge Hwy, Seaford, DE"
Test Facility,"Test, Doral, FL"
West Altamonte Nursing and Rehabilitation Center,"1099 W. Town Parkway, Altamonte Springs, FL"
Macomb Post Acute Care Center,"8 Doctors Ln, Macomb, IL"
Henry Rehab and Nursing,"1650 Indiantown Road, Henry, IL"
Carmi Manor,"615 W Webb St, Carmi, IL"
Gallatin Manor,"900 West Race Street, Ridgway, IL"
Lacon Rehab and Nursing,"401 9th Street, Lacon, IL"
Marshall Rehabilitation and Nursing,"410 N 2nd Street, Marshall, IL"
Mercer Manor,"309 NW 9th Ave, Aledo, IL"
Robinson Rehab and Nursing,"600 Robinwood Drive, Robinson, IL"
Encore Village of Schaumburg,"350 W Schaumburg Rd, Schaumburg, IL"
Countryside Care Center,"400 W Grant St, Macomb, IL"
Springfield Suites Rehab & Nursing,"3089 Old Jacksonville Rd, Springfield, IL"
Casey Rehab and Nursing,"100 NE 15th St, Casey, IL"
Twin Lakes Extended Care,"310 S Eads Ave, Paris, IL"
Timberlyn Heights,"320 Maple Ave, Great Barrington, MA"
Franklin Health,"130 Chestnut St., Franklin, MA"
Blueberry Hill Rehab and Healthcare Center,"75 Brimbal Ave, Beverly, MA"
The Brentwood and Healthcare Center,"56 Liberty St., Danvers, MA"
Blueberry Hill,"75 Brimbal Ave, Beverly, MA"
Melrose Heatlhcare,"40 Martin St., Melrose, MA"
Foremost Healthcare Center,"259 Norwood St., Sharon, MA"
Briarwood Rehabilitation & Healthcare Center,"150 Lincoln Street, Needham, MA"
Heathwood HealthCare,"188 Florence St, Chestnut Hill, MA"
Chetwynde HealthCare,"1650 Washington St, West Newton, MA"
Fitchburg Rehab and Nursing,"94 Summer Street, Fitchburg, MA"
Highview of Northampton,"222 River Rd, Leeds, MA"
West Newtown HealthCare,"25 Armory St, West Newton, MA"
Leominster Rehab and Nursing Center,"44 Keystone Drive, Leominster, MA"
Wachusett Manor,"32 Hospital Hill Rd, Gardner, MA"
The Elmhurst HealthCare,"743 Main St, Melrose, MA"
Bane Brighton House Rehabilitation & Nursing Center,"170 Corey Rd, Brighton, MA"
Northwood,"1010 Varnum Ave, Lowell, MA"
Webster Manor,"745 School St, Webster, MA"
Lanessa Extended Care,"751 School St, Webster, MA"
Mary Immaculate Health/Care Services,"172 Lawrence St, Lawrence, MA"
Brush Hill Care Center,"1200 Brush Hill Rd, MILTON, MA"
Poet Seat Health Care Center,"359 High St, Greenfield, MA"
Oceanside Rehabilitation and Nursing Center,"44 South Street, Rockport, MA"
Eliot Center For Health & Rehab,"168 West Central Street, Natick, MA"
Bear Hill Rehabilitation and Nursing Center,"11 North St, Stoneham, MA"
Chicopee Rehabilitation and Nursing,"44 New Lombard Rd, Chicopee, MA"
Berkshire Rehabilitation & Skilled Care Center,"7 Sandisfield Rd, Sandisfield, MA"
Oxford Rehabilitation & Health Care Center,"689 Main St, Haverhill, MA"
Reservoir Center for Health & Rehab,"400 Bolton St, Marlborough, MA"
Copley At Stoughton,"380 Sumner St, Stoughton, MA"
Royal Megansett Nursing Home,"209 County Rd, North Falmouth, MA"
Loomis Lakeside at Reeds Landing,"807 Wilbraham Rd, Springfield, MA"
Royal Cape Cod," 8 Lewis Point Rd, Buzzards Bay, MA"
Royal Health Braintree,"95 Commercial St, Braintree, MA"
Royal Meadow View,"134 North St, North Reading, MA"
Royal Norwell Nursing and Rehabilitation,"329 Washington St, Norwell, MA"
Royal Falmouth Nursing & Rehabilitation Center,"359 Jones Rd, Falmouth, MA"
Royal Health Cotuit,"161 Falmouth Rd, Mashpee, MA"
Royal of Fairhaven Nursing Center,"184 Main St, Fairhaven, MA"
Royal Wayland Nursing & Rehab Center,"188 Commonwealth Rd, Wayland, MA"
Royal WoodMill Nursing and Rehabilitation Center,"800 Essex St, Lawrence, MA"
Fairview Commons Nursing and Rehabilitation Center,"151 Christian Hill Rd, Great Barrington, MA"
Advocate Healthcare of East Boston,"111 Orient Ave, East Boston, MA"
Champion Rehabilitation and Nursing Center,"2 Beaumont Ave, Brockton, MA"
South Shore Rehabilitation & Skilled Care Center,"115 North Ave, Rockland, MA"
Cedar View Rehabilitation & Healthcare Center,"480 Jackson St, Methuen, MA"
Mont Marie Rehabilitation & Healthcare Center,"36 Lower Westfield Rd, Holyoke, MA"
Medway Country Manor Skilled Nursing & Rehab,"115 Holliston St, Medway, MA"
Meadow Green Rehabilitation and Nursing Center,"45 Woburn St, Waltham, MA"
Fitchburg HealthCare,"1199 John Fitch Hwy, Fitchburg, MA"
Alliance Health at Baldwinville,"51 Hospital Rd Suite 1, Baldwinville, MA"
Mary Ann Morse Nursing & Rehab Center,"45 Union St, Natick, MA"
AdviniaCare Salem,"7 Loring Hills Ave, Salem, MA"
Willow Brook Rehabilitation and Health Care Center,"90 West St, Wilmington, MA"
Aspen Hill Rehabilitation & Healthcare Center,"190 North Ave, Haverhill, MA"
Watertown Rehabilitation and Nursing Center,"59 Coolidge Hill Rd, Watertown, MA"
AdviniaCare Wellesley,"694 Worcester St, Wellesley, MA"
Highland Park Rehabilitation & Healthcare Center,"255 Central Ave, Chelsea, MA"
Tremont Rehabilitation and Skilled Care Center,"605 Main St, Wareham, MA"
Fall River HealthCare,"1748 Highland Ave, Fall River,, MA"
Alden Court Nursing Care,"389 Alden Rd, Fairhaven, MA"
Chestnut Woods Rehabilitation & Healthcare Center,"73 Chestnut St, Saugus, MA"
Cape Regency Rehabilitation and Health Care Center,"120 S Main St, Centerville, MA"
Standish Village Assisted Living,"1190 Adams St, Boston, MA"
Compass on the Bay Memory Care Assisted Living,"1380 Columbia Rd, South Boston, MA"
Jewish Home Fall River,"538 Robeson St, Fall River, MA"
Aberjona Nursing Rehab Center,"184 Swanton St, Winchester, MA"
Winchester Nursing Rehab Center,"223 Swanton Street, Winchester, MA"
Neville Place ALF,"650 Concord Ave, Cambridge, MA"
MissionCare at Holyoke,"35 Holy Family Rd, Holyoke, MA"
North End Rehabilitation & Healthcare Center,"70 Fulton St, Boston, MA"
Plymouth Rehabilitation and Health Care Center,"123 South Street, Plymouth, MA"
Sachem Center for Health & Rehab,"66 Central Street, East Bridgewate, MA"
River Mills Assisted Living at Chicopee Falls,"7 River Mills Dr, Chicopee, MA"
Armbrook Village Senior Living," 551 N Rd, Westfield, MA"
Woburn Nursing Rehab Center,"18 Frances Street, Woburn, MA"
Methuen Village Assisted Living & Compass Memory Support,"4 Gleason St, Methuen, MA"
AdviniaCare Northbridge,"85 Beaumont Dr, Northbridge, MA"
AdviniaCare Country Center,"180 Low St, Newburyport, MA"
Cedarwood Gardens,"130 Chestnut St, Franklin, MA"
The Cambridge Homes,"360 Mt Auburn St, Cambridge, MA"
Seashore Pointe Rehab Center,"100 Alden Street, Provincetown, MA"
Brockton Post Acute,"50 Christy Place, Brockton, MA"
Southeast Health Care Center,"184 Lincoln Street, North Easton, MA"
Cape Cod Post Acute,"383 South Orleans Road, Brewster, MA"
Lighthouse Rehabilitation and Healthcare Center,"204 Proctor Ave, Revere, MA"
CareOne at Millbury,"312 Millbury Ave, Millbury, MA"
Mill Brook Rehabilitation & Healthcare Center,"100 Amity Street, Fall River, MA"
Providence House Assisted Living,"180 Corey Rd, Brighton, MA"
Hathorne Hill,"15 Kirkbride Dr, Danvers, MA"
Shrewsbury Nursing and Rehabilitation,"40 Julio Dr, Shrewsbury, MA"
RiverCourt Residences,"8 West Main Street, Groton, MA"
Haverhill Center,"126 Monument Street, Haverhill, MA"
Topsfield Center,"123 High Street, Topsfield, MA"
Middleborough Center,"314 Marion Road, Middleborough, MA"
Framingham Center,"9 Arbetter Drive, Framingham, MA"
Newburyport Center,"6 Hale Street, Newburyport, MA"
Marion Center,"15 Mill St, Marion, MA"
CareOne at Randolph,"49 Thomas Patten Drive, Randolph, MA"
Aspire Rehabilitation and Healthcare,"160 Main Street, Walpole, MA"
Autumn Lake Healthcare at Riverview,"1 Eastern Blvd, Essex, MD"
Autumn Lake Healthcare at Alice Manor,"2095 Rockrose Ave, Baltimore, MD"
Elkton Nursing and Rehabilitation Center,"1 Price Dr, Elkton, MD"
(old)Alice Manor Staff,"2095 Rockrose Ave, Baltimore, MD"
(old)Post-Acute Care Center,"5009 Frankford Ave, Baltimore, MD"
King David Nursing & Rehabilitation Center,"4204 Old Milford Mill Rd, Pikesville, MD"
Autumn Lake Healthcare at Ballenger Creek,"347 Ballenger Center Dr, Frederick, MD"
Autumn Lake Healthcare at BridgePark,"4017 Liberty Heights Ave, Baltimore, MD"
(old)Chapel Hill Nursing & Rehabilitation Center,"4511 Robosson Rd, Randallstown, MD"
(old)Calvert County Nursing Center,"85 Hospital Road, Prince Frederick, MD"
Autumn Lake Healthcare at Homewood,"6000 Bellona Avenue, Baltimore, MD"
The Nursing and Rehabilitation Center at Stadium Place,"1010 E 33rd St, Baltimore, MD"
Autumn Lake Healthcare at Waugh Chapel,"1221 Waugh Chapel Road, Gambrills, MD"
Oakwood Care Center,"1300 Windlass Drive, Middle River, MD"
Sterling Care Rockville Nursing,"303 Adclare Rd, Rockville, MD"
(old)Peace Healthcare at Dennett Road Manor,"1113 Mary Dr, Oakland, MD"
Autumn Lake Healthcare at Glen Burnie,"7355 E Furnace Branch Rd, Glen Burnie, MD"
Autumn Lake Healthcare at Overlea,"6116 Belair Rd, Baltimore, MD"
Autumn Lake Healthcare at Long Green,"115 E Melrose Ave, Baltimore, MD"
Sterling Care Frostburg Village,"1 Kaylor Cir, Midland, MD"
(old)Sterling Care South Mountain,"141 S Main St, Boonsboro, MD"
Sterling Care Riverside,"1123 Belcamp Garth, Belcamp, MD"
Autumn Lake Healthcare at Pikesville,"7 Sudbrook Ln, Pikesville, MD"
(old)Autumn Lake Healthcare at Glade Valley,"56 W Frederick St, Walkersville, MD"
(old)Orchard Hill Rehabilitation & Healthcare Center,"111 West Road, Towson, MD"
Autumn Lake Healthcare at Loch Raven,"8720 Emge Rd, Baltimore, MD"
(old)Collingswood Rehabilitation & Healthcare Center,"299 Hurley Avenue, Rockville, MD"
Aventura at the Park,"5833 Park Heights Ave, Baltimore, MD"
(old)Aventura at the Heights,"7218 Park Heights Ave, Pikesville, MD"
Manokin Center for Rehabilitation and Healthcare,"11974 Edgehill Terrace Rd, Princess Anne, MD"
Caroline Center for Rehabilitation and Healthcare,"520 Kerr Ave, Denton, MD"
Fairfield Nursing and Rehabilitation Center,"1454 Fairfield Loop Rd, Crownsville, MD"
Autumn Lake Healthcare at Spa Creek,"35 Milkshake Ln, Annapolis, MD"
(old)Sterling Care Bethesda,"5721 Grosvenor Ln, Bethesda, MD"
Autumn Lake Healthcare at Parkville,"8710 Emge Rd, Baltimore, MD"
(old)Peace Healthcare at Mountain City Center,"48 Tarn Terrace, Frostburg, MD"
(old)Peace Healthcare at Lions Center,"901 Seton Dr, Cumberland, MD"
Mallard Bay Nursing & Rehab,"520 Glenburn Avenue, Cambridge, MD"
Autumn Lake Healthcare at Oakview,"2700 Barker St, Silver Spring, MD"
Chestertown Rehabilitation and Nursing Center,"415 Morgnec Road, Chestertown, MD"
Denton Nursing and Rehab,"420 Colonial Dr, Denton, MD"
Hartley Nursing and Rehab,"1006 Market St, Pocomoke City, MD"
Pines Nursing and Rehab,"610 Dutchmans Ln, Easton, MD"
Montcare Bethesda,"6530 Democracy Blvd, Bethesda, MD"
Montcare Potomac,"10714 Potomac Tennis Ln, Potomac, MD"
Autumn Lake Healthcare at Chesapeake Woods,"525 Glenburn Ave, Cambridge, MD"
Caraway Assisted Living,"2375 Oldfield Point Rd, Elkton, MD"
Montcare Wheaton,"11901 Georgia Ave, Wheaton, MD"
Montgomery Village Health Care Center,"19301 Watkins Mill Rd, Montgomery Village, MD"
Peak Healthcare Skilled Nursing Facility at Copper Ridge,"710 Obrecht Rd, Sykesville, MD"
Copper Ridge Nursing and Assisted Living Center,"710 Obrecht Rd, Sykesville, MD"
The Village at Rockville SNF,"9701 Veirs Dr, Rockville, MD"
The Village at Rockville AL,"9701 Veirs Dr, Rockville, MD"
The Village at Rockville IL,"9701 Veirs Dr, Rockville, MD"
Roland Park Rehabilitation and Healthcare Center,"4669 Falls Rd, Baltimore, MD"
Rossville Rehabilitation and Healthcare Center,"6600 Ridge Rd, Baltimore, MD"
Towson Rehabilitation and Healthcare Center,"509 E Joppa Rd, Towson, MD"
Sterling Care Frostburg Village ALF,"100 Village Parkway, Frostburg, MD"
Chesapeake Shores Nursing Center,"21412 Great Mills Rd, Lexington Park, MD"
Allegra Nursing and Rehab,"434 West North St, Jackson, MI"
Aria Nursing and Rehab,"707 Armstrong Rd, Lansing, MI"
Avista Nursing and Rehab,"2901 Galaxy Dr, Saginaw, MI"
Carriage House,"2394 Midland Rd, Bay City, MI"
Arbor Manor Rehabilitation & Nursing Center,"151 2nd St, Spring Arbor, MI"
Legacy Assisted Living Center,"5025 Ann Arbor Rd, Jackson, MI"
Brookdale Ann Arbor,"2190 Ann Arbor-Saline Rd, Ann Arbor, MI"
Brookdale W. Eisenhower Pkwy MC,"750 West Eisenhower Parkway, Ann Arbor, MI"
Countryside Care Center,"2121 Robinson Rd., Jackson, MI"
Countryside Manor,"3637 Mccain Rd, Jackson, MI"
Brightside Assisted Living and Memory Care,"2388 Robinson Rd, Jackson, MI"
Summit Park Assisted Living Center,"2100 Park Rd, Jackson, MI"
Spring Arbor Assisted Living,"3700 S Dearing Rd, Spring Arbor, MI"
Gaslight Village Assisted Living & Memory Care,"2625 N Adrian Hwy, Adrian, MI"
Alice Lorraine Care Center,"2590 N Monroe St, Monroe, MI"
Crystal Creek Assisted Living,"8121 N Lilley Rd, Canton, MI"
Adira Nursing and Rehab,"3200 State St, Saginaw, MI"
University Living,"2865 S Main St, ann arbor, MI"
Hillsdale County Medical Care,"140 W Mechanic Rd, Hillsdale, MI"
Hartford Nursing and Rehabilitation Center,"6700 Outer Dr. W, Detroit, MI"
The Oaks at Belmont,"6081 West River Drive NE, Plainfield Charter Township, MI"
Marwood Nursing and Rehab,"1300 Beard St, Port Huron, MI"
Lynwood Manor Healthcare Center,"730 Kimole Ln, Adrian, MI"
Highland Assisted Living & Memory Care,"1948 Cooper St, Jackson, MI"
Greenfield Rehab & Nursing Center,"3030 Greenfield Rd, Royal Oak, MI"
Alamo Cove Rehab and Nursing Center,"8290 W C Ave, Kalamazoo, MI"
Novi Lakes Health Campus HC,"41795 W 12 Mile Rd, Novi, MI"
Novi Lakes Health Campus Assisted Living,"41795 W 12 Mile Rd, Novi, MI"
Oakridge Manor Nursing & Rehab Center,"3161 Hilton Rd, Ferndale, MI"
Marywood Nursing Care Center,"36975 Five Mile Road, Livonia, MI"
The Willows at East Lansing AL,"3500 Coolidge Rd, East Lansing, MI"
The Willows at East Lansing HC,"3500 Coolidge Rd, East Lansing, MI"
Shelby Crossing Health Campus AL,"13794 21 Mile Rd, Shelby Township, MI"
Shelby Crossing Health Campus HC,"13794 21 Mile Rd, Shelby Township, MI"
Briarwood Nursing and Rehab,"3011 N Center Rd, Flint, MI"
Marvin & Betty Danto Health Care Center,"6800 W Maple Rd, West Bloomfield Township, MI"
The Oaks at Woodfield HC,"5370 E Baldwin Rd, Grand Blanc Twp, MI"
The Willows at Howell HC,"1500 Byron Rd, Howell, MI"
The Willows at Howell AL,"1500 Byron Rd, Howell, MI"
Stonegate Health Campus HC,"2525 Demille Rd, Lapeer, MI"
Springcreek Rehabilitation and Nursing Center,"30 Sand Creek Hwy, Adrian, MI"
Adrian Bay Rehab and Nursing Center,"700 Lakeshire Trail, Adrian, MI"
The Oaks at Byron Center AL,"2280 Byron View Dr, Byron Center, MI"
The Oaks at Byron Center HC,"2280 Byron View Dr, Byron Center, MI"
Regency Manor Nursing & Rehabilitation Center,"7700 McClellan St, Utica, MI"
The Oaks at Woodfield AL,"5370 E Baldwin Rd, Grand Blanc Twp, MI"
Westlake Health Campus HC,"0735 Bogie Lake Rd, Commerce Township, MI"
Orchard Grove Senior Living HC,"71150 Orchard Crossing Ln, Romeo, MI"
Orchard Grove Senior Living AL,"71150 Orchard Crossing Ln, Romeo, MI"
Westlake Health Campus AL,"0735 Bogie Lake Rd, Commerce Township, MI"
The Willows at Okemos HC,"4830 Central Park Dr, Okemos, MI"
Tuscola County Medical Care Facility,"1285 Cleaver Rd, Caro, MI"
The Oaks at Jamestown HC,"3145 Sunchase Ave, Hudsonville, MI"
Lakeside Manor Nursing & Rehabilitation Center,"13990 Lakeside Circle, Sterling Heights, MI"
Harbor Terrace Senior Living,"60 Viridian Drive, Muskegon, MI"
Villa at Borgess Place,"3057 Gull Rd, Kalamazoo, MI"
Stonegate Health Campus AL,"2525 Demille Rd, Lapeer, MI"
Pine Creek Manor Skilled Nursing & Rehab Center,"34330 Van Born Rd, Wayne, MI"
The Oaks at Jamestown AL,"3145 Sunchase Ave, Hudsonville, MI"
Heritage Manor Nursing & Rehab Center,"9500 Grand River Avenue, Detriot, MI"
Huron County Medical Care Facility,"1116 S Van Dyke Rd, Bad Axe, MI"
Harbor Terrace Senior Living AL,"60 Viridian Drive, Muskegon, MI"
Surry Health,"542 Allred Mill Road, Mount Airy, NC"
Edgecombe,"1000 Western Boulevard, Tarboro, NC"
MacGregor Downs,"2910 MacGregor Downs Road, Greenville, NC"
Harborview Lumberton,"1555 Willis Avenue, Lumberton, NC"
Eden Rehabilitation and Healthcare Center,"226 N Oakland Ave, Eden, NC"
Test_fac,"test_address, test_city, NC"
Smoky Ridge Health & Rehabilitation,"310 Pensacola Road, Burnsville, NC"
The Cypress of Raleigh: Rosewood Health Center,"8801 Cypress Lakes Dr, Raleigh, NC"
Harmony Park at Wilson,"1804 Forest Hill Rd W, Wilson, NC"
Brookdale Lenoir,"1145 Powell Road, Lenoir, NC"
Brookdale Eden,"314 W Kings Hwy, Eden, NC"
Smithfield Manor,"902 Berkshire Rd, Smithfield, NC"
Kerr Lake Nursing and Rehabilitation Center,"P O Box 1148 1245 Park Ave, Henderson, NC"
Franklin Oaks Nursing and Rehabilitation Center,"1704 N C 39 Hwy N, Louisburg, NC"
Hickory,"3031 Tate Boulevard, Se, Hickory, NC"
Lincolnton,"515 S Generals Blvd, Lincolnton, NC"
Maple Leaf Health Care,"1101 Maple Care Lane, Statesville, NC"
Valley Nursing and Rehabilitation Center,"581 NC Highway 16 South, Taylorsville, NC"
Viewmont,"220 13Th Avenue Place, Nw, Hickory, NC"
Willow Ridge,"237 Tryon Road, Rutherfordton, NC"
Carver,"303 East Carver Street, Durham, NC"
Test facility,"27 Randolph, Manchester, NH"
Derry Rehabilitation and Nursing Center,"20 Chester Rd, Derry, NH"
Dover Center for Health & Rehabilitation,"307 Plaza Dr, Dover, NH"
Belknap County Nursing Home,"30 County Dr, Laconia, NH"
Jaffrey Rehabilitation and Nursing Center,"20 Plantation Dr, Jaffrey, NH"
Gerrish Manor,"325 Daniel Webster Hwy, Boscawen, NH"
Merrimack County Nursing Home,"325 Daniel Webster Hwy, Boscawen, NH"
Edgewood Center for Rehab & Healthcare,"928 South St, Portsmouth, NH"
Presidential Oaks,"200 Pleasant St, Concord, NH"
Presidential Oaks ALF,"200 Pleasant St, Concord, NH"
The Inn at Edgewood ALF,"936 South St, Portsmouth, NH"
"Wentworth Home for the Aged
ome for the Aged","795 Central Ave, Dover, NH"
Cornerstone at Hampton,"298 Exeter Rd, Hampton, NH"
Premier Rehab and Healthcare,"55 Harris Road, Nashua, NH"
Salemhaven,"23 Geremonty Dr, Salem, NH"
Abigail House,"1105-1115 Linden St, CAMDEN, NJ"
Active,", , NJ"
Advanced Subacute,"685 SALINA RD., SEWELL, NJ"
Alameda R&HC,"303 ELM ST., AMBOY, NJ"
Allaire,"115 Dutch Lane Rd., FREEHOLD, NJ"
Andover,"99 MULFORD RD., Andover, NJ"
Arnold Walter,"622 S Laurel Ave, Hazlet, NJ"
Ashbrook,", , NJ"
Ashbrook/Brook Haven,", , NJ"
Atrium at Princeton,"5000 Windrows Drive, PRINCETON, NJ"
Brook Haven,"120 PARK END PLACE, EAST ORANGE, NJ"
Caring Heart (double),", , NJ"
AristaCare at Cedar Oaks,"1311 Durham Ave, PLAINFIELD, NJ"
Cherry Hill,"1399 chapel Ave, WEST CHERRY HILL, NJ"
Coral Harbor,"2050 6th Ave, Neptune, NJ"
Country Arch,"114 pittstown rd, Pittstown, NJ"
East Chester,", , NJ"
East Chester/Shore Meadows,", , NJ"
Fountain View,"527 River Ave., LAKEWOOD, NJ"
Fountain View/Preferred Care at Wall,", , NJ"
Green Brook,"303 ROCK AVE., Green Brook, NJ"
Homecare,"910 Monmouth Ave, LAKEWOOD, NJ"
Hudson View,", , NJ"
Lakewood Courtyard,"52 MADISON AVE. #1, LAKEWOOD, NJ"
Manchester,"1770 Tobias Ave, MANCHESTER, NJ"
Manhattanview HC,"3200 HUDSON AVE., Union City, NJ"
Mercer-Preferred Care,"1201 Parkway Ave, EWING, NJ"
Mill House,", , NJ"
New Grove,"101 NORTH GROVE ST., EAST ORANGE, NJ"
New Vista,", , NJ"
NewVista,", , NJ"
Norwood,"40 NORWOOD AVE., PLAINFIELD, NJ"
Oakland Care Center,", , NJ"
Park Hotel (Plainfield),"123 w. 7th St., Plainfield, NJ"
Plaza Healthcare & Rehab,"456 RAHWAY AVE., ELIZABETH, NJ"
Plaza Home,", , NJ"
Preferred Care at Wall,"2350 Hospital Road, ALLENWOOD, NJ"
Princeton Care,"728 Bunn Dr, PRINCETON, NJ"
Raritan,"633 STATE RT. 28, Raritan, NJ"
Raritan/Country Arch,", , NJ"
Riverside,"325 JERSEY ST., Trenton, NJ"
Royal Health Gate,"1314 Brunswick Ave, TRENTON, NJ"
Royal Suites,"214 W JIMMIE LEEDS RD, GALLOWAY, NJ"
"Shore Gardens
Shore Gardens","231 WARNER ST., TOMS RIVER, NJ"
South Jersey,"99 MANHEIM AVE., BRIDGETON, NJ"
Tallwoods,"18 Butler Blvd, BAYVILLE, NJ"
Wedgwood,"3419 U.S. 9, FREEHOLD, NJ"
Whiting,"3000 HILLTOP RD., MANCHESTER, NJ"
Willow Springs,"1049 BURNT TAVERN RD., BRICK, NJ"
Woodcrest,", , NJ"
New Vista/Riverside,", , NJ"
Fountain View/Manchester,", , NJ"
Country Arch/Raritan,", , NJ"
Abigail House/South Jersey,", , NJ"
Riverside (old),"325 JERSEY ST., TRENTON, NJ"
Raritan/Alameda,", , NJ"
Atrium Post Acute Care of Lawrenceville,"112 Franklin Corner Rd, Lawrenceville, NJ"
Mercer-Preferred Care/ Atrium Post Acute Care ofat Lawrenceville,", , NJ"
Abigail House/ Cherry Hill,", , NJ"
Morris View,"540 W Hanover Ave., Morristown, NJ"
willow spring/ SHORE MEADOWS,"231 WARNER ST., TOMS RIVER, NJ"
Premier Cadbury at Cherry Hill,"2150 NJ-38, Cherry Hill, NJ"
White House,"560 Berkeley Ave, Orange, NJ"
Complete Care Linwood,"201 New Road, Linwood, NJ"
Bridges Adult Day Care,"352 Beverly Rancocas Rd, Willingboro, NJ"
Barnegat Rehab,"859 W. Bay Ave., Barnegat, NJ"
Sunshine Adult,"16 N Washington Ave, Bergenfield, NJ"
Jersey Shore,"600 Main st, Asbury, NJ"
South Amboy,"540 BORDENTOWN AVE, SOUTH AMBOY, NJ"
Elite Caring,"80 West Upper Road, Ewing, NJ"
Complete Care at Bey Lea,"1351 Old Freehold Rd, Toms River, NJ"
Voorhees Care & Rehabilitation Center,"1302 Laurel Oak Rd, Voorhees, NJ"
Barnegat Rehab,"859 W. Bay Ave., Barnegat, NJ"
Jewish Home for Rehab and Nursing,"1151 West Main St., Freehold, NJ"
Elizabeth Nursing and Rehab,"1048 Grove St., Elizabeth, NJ"
Bella Terra,"2 Kathleen Drive, Jackson, NJ"
Elizabeth Nursing and Rehab MEDICAID,"1048 Grove St., Elizabeth, NJ"
Arbor Ridge Rehabilitation & Healthcare Center,"261 Terhune Dr, Wayne, NJ"
2nd Home Passaic,"63 Grove Street, Passaic, NJ"
2nd Home Totowa,"120 Commerce Way, Totowa, NJ"
2nd Home Union City,"3610 Palisade Ave, Union City, NJ"
2nd Home Paterson,"100 Hamilton Plaza, Paterson, NJ"
2nd Home Elizabeth,"550 N Broad St, Elizabeth, NJ"
2nd Home Perth Amboy,"420 Fayette St, Perth Amboy, NJ"
2nd Home Orange,"37 North Day St, Orange, NJ"
2nd Home Newark,"720 Broadway, Newark, NJ"
2nd Home East Orange,"115 Evergreen Place, East Orange, NJ"
New Jersey Staff,"325 JERSEY ST., trenton, NJ"
Caring Heart,"27 Randolph RD, Howell, NJ"
Ocean Grove,"70 Stockton Ave, Ocean Grove, NJ"
Supportive Care of NJ Tele facility,"27 Randolph Road, Howell, NJ"
Mattison Crossing,"93 Manalapan Ave, Freehold, NJ"
Kadima Rehabilitation & Nursing at Campbelltown (TeleH),"27 randolph rd, howell, NJ"
Westchester,"27 RANDOLPH RD, Howell, NJ"
Complete Care at Arbors,"1750 NJ-37, Toms River, NJ"
Sterling Manor Nursing Center,"794 N Folklanding Rd, Maple Shade, NJ"
Spring Oak Of Forked River,"601 North Min Street, Lanoka Harbor, NJ"
Granville Place,"111 Sunset Rd, Burlington, NJ"
Spring Creek Healthcare Center,"1 Lindbergh Ave, Perth Amboy, NJ"
Manhattanview Healthcare Center,"3200 Hudson Ave, Union City, NJ"
King Manor Care Center,"2303 W Bangs Ave, Neptune City, NJ"
Complete Care at Mercerville Center,"2240 Whitehorse Mercerville Rd, Mercerville, NJ"
Park Place Center ,"2 Deerpark Dr., Monmouth Junction, NJ"
Autumn Lake Healthcare at Southgate,"449 S.Pennsville Auburn Rd, Carneys Point, NJ"
Embassy Manor,"10 Brunswick Ave, Edison, NJ"
CareOne at Livingston,"76 Passaic Ave, Livingston, NJ"
Woodland Behavioral,"99 Mulford Road, Lafayette, NJ"
Allendale Rehabilitation,"85 Harreton Rd, Allendale, NJ"
Allendale Senior Living,"85 Harreton Rd, Allendale, NJ"
Limecrest Rehab (Mohawk Meadows),"1 O'Brien Lane, Lafayette, NJ"
Morris Adult Day Care,"784 Route 46, Parsippany, NJ"
Springhills,"26 Main Street, Edison, NJ"
Wardell Gardens Rehabilitation At Tinton Falls,"524 Wardell Road, Tinton Falls, NJ"
AristaCare at Delaire,"400 West Stimpson Avenue, Linden, NJ"
Prestige Cherry Hill,"53 Haddonfield Rd., Cherry Hill, NJ"
Prestige at Ewing AMDC,"1676 N OLDEN AVE, Ewing Township, NJ"
Fountain Springs at Cape May,"502 N Route 9, Cape May Court House, NJ"
Autumn Lake Healthcare at Salem County (Golden Rehabilitation and Nursing Center),"438 Salem Woodstown Rd, Salem, NJ"
Carneys Point (Memorial Bridge),"201 5th Ave, Carneys Point, NJ"
Teaneck Nursing and Rehabilitation Center,"1104 Teaneck Road, Teaneck, NJ"
Tenafly Family of Caring Healthcare,"133 County Road, Tenafly, NJ"
Waters Edge Healthcare and Rehab,"512 Union Street, Trenton, NJ"
ExcelCare at Pines,"29 N Vermont Ave, Atlantic City, NJ"
ExcelCare at Egg Harbor,"6818 Delilah Road, Egg Harbor Township, NJ"
Carnegie Assisted Living,"1000 Windrow Drive, Princeton, NJ"
Autumn Lake Healthcare at Vineland,"1640 S Lincoln Ave., Vineland, NJ"
Leisure Chateau Care & Rehabilitation Center,"962 River Ave, Lakewood, NJ"
Hampton Ridge Healthcare,"94 Stevens Road, Toms River, NJ"
Laurel Bay Health & Rehab Center,"32 Laurel Ave, Keansburg, NJ"
Achieve Rehab and Nursing Center,"170 LAKE ST., Liberty, NY"
Achieve Rehab/ Ocean Promenade,", , NY"
Achieve Rehab/Island Assisted,", , NY"
Avalon Gardens,"7 NY-25A, SMITHTOWN, NY"
Central Park,"116 MARTIN LUTHER KING EAST, SYRACUSE, NY"
Central Park/Van Duyn,", , NY"
Cliffside,", , NY"
Community,"35 riverside drive, BINGHAMTON, NY"
Eastchester,"2700 EASTCHESTER RD., BRONX, NY"
Elizabeth,", , NY"
Forestview,", , NY"
Forestview/Meadow Park,", , NY"
Great Neck (Highfield Gardens),"199 Community Dr., GREAT NECK, NY"
Great Neck/Cliffside,", , NY"
Great Neck/Island Assisted,", , NY"
Heritage,", , NY"
Highland,"91-31 175TH ST., JAMAICA, NY"
Highland/Long Beach,", , NY"
Highland/Rockville,", , NY"
Island Assisted,"820 FRONT ST., HEMPSTEAD, NY"
Island Assisted/Meadow Park,", , NY"
Island Assisted/Rockville,", , NY"
Ivy Hill,", , NY"
James Square,", , NY"
James Square/Central Park,", , NY"
Long Beach,", , NY"
Meadow Park,"78-10 164TH ST., FRESH MEADOWS, NY"
Meadow Park/Forest View,", , NY"
Meadow Park/Ocean Promenade,", , NY"
Meadow Park/Rockville,", , NY"
Ocean Promenade,", , NY"
Ocean Promenade/Highland,", , NY"
Ocean Promenade/Meadow Park,", , NY"
Ocean Promenade/Woodcrest,", , NY"
Palm Gardens,", , NY"
Palm Gardens/Ocean Promenade,", , NY"
Rockville,"50 MAINE AVE., ROCKVILLE, NY"
Rockville/Great Neck,", , NY"
Rockville/Highland,", , NY"
Rockville/Island Assisted,", , NY"
Van Duyn,"5075 W SENECA TURNPIKE, SYRACUSE, NY"
Waterford,", , NY"
Woodcrest,", , NY"
Woodcrest/Ocean Promenade,", , NY"
Forestview/Rockville,", , NY"
Long Beach/Island Assisted,", , NY"
Symphony,"319 WASHINGTON AVE., DUNKIRK, NY"
Beechtree Center,"318 S Albany St, ITHACA, NY"
Ocean Promenade/Avalon Gardens,", , NY"
Riverside Center,"90 Main St., Castleton, NY"
Cliffside/Meadow Park,", , NY"
Evergreen Commons Rehab and Nursing,"1070 Luther Rd, East Greenbush, NY"
Bridgewater,"159-163 Front St, Binghamton, NY"
Greene Meadows,"161 Jefferson Heights, Catskill, NY"
Cortland Park,"193 Clinton Ave., Cortland, NY"
Van Duyn/ Central Park,", , NY"
Hudson Park,"325 Northern Blvd, Albany, NY"
Vestal Park,"105 West Sheedy Rd, Vestal, NY"
Pine Haven,"201 Main St., Philmont, NY"
Westchester,"10 Claremont Ave., Mt. Vernon, NY"
Schervier,"2975 Independence Ave., Riverdale, NY"
Robinson Terrace,"28652 NY-23, Stamford, NY"
Chestnut Park,"330 Chestnut St., Oneonta, NY"
West Lawrence Care,"1410 Seagirt Blvd, FAR ROCKAWAY, NY"
Buena Vida,"48 Cedar Street, Brooklyn, NY"
Barnwell,"3230 Church, Valatie, NY"
Scotia Mansion,"39 Wallace Street, Scotia, NY"
Adirondack Manor,"653 Bay road, Queensbury, NY"
Capstone Center for Rehabilitation and Nursing,"302 Swart Hill Rd, Amsterdam, NY"
West Lawrence Care (old),"1410 Seagirt Blvd, FAR ROCKAWAY, NY"
Symphony Manor of Lancaster,"5539 Broadway, Lancaster, NY"
The McClelland Home for Adults,"126 Old Castle Point Rd, Beacon, NY"
The Grand Rehabilitation and Nursing at Batavia,"257 State Street, Batavia, NY"
Premier Genesee Center for Nursing & Rehabilitation,"278 Bank Street, Batavia, NY"
"New York Staff
ork Staff","111 road, Binghamton, NY"
"Voorhees Care & Rehabilitation Center
Voorhees Care & Rehabilitation Center","65-15 ALDERTON STREET APT 4C, REGO PARK, NY"
Live Young Adult Daycare,"525 Nepperhan Ave, Yonkers, NY"
Elizabeth Nursing and Rehab,"823 Vine Street, LIVERPOOL, NY"
Arbor Ridge Rehabilitation & Healthcare Center,"823 Vine Street, LIVERPOOL, NY"
Colonial Heights,"95 west street, spring valley, NY"
Hopewell,"95 west street, spring valley, NY"
Glenburnie,"95 west street, spring valley, NY"
Valley,"95 west street, spring valley, NY"
Westport,"95 west street, spring valley, NY"
Riverview Manor,"510 5th Ave, Owego, NY"
Centennial Healthcare and Rehabilitation Center,"95 WEST ST, SPRING VALLEY, NY"
Kadima at Campbelltown,"95 WEST ST, SPRING VALLEY, NY"
Garden Spring,"95 WEST ST, SPRING VALLEY, NY"
Wonder City Rehabilitation & Nursing Center,"95 WEST ST, SPRING VALLEY, NY"
Chestnut Rehab and Care Center,"95 WEST ST, SPRING VALLEY, NY"
Castle Senior Living,"108-25 Horace Harding Expressway, Forest Hills, NY"
Supportive Care of NY Tele facility,"95 WEST ST, SPRING VALLEY, NY"
Harborview Satilla,"95 WEST ST, SPRING VALLEY, NY"
Harborview Pierce,"95 WEST ST, SPRING VALLEY, NY"
Harborview Jesup,"95 WEST ST, SPRING VALLEY, NY"
Harborview Thomaston,"95 WEST ST, SPRING VALLEY, NY"
Harborview Dover,"95 WEST ST, SPRING VALLEY, NY"
Belle Harbor Manor,"209 Beach 125th Street, Far Rockaway, NY"
Autumn Lake Healthcare at Greenfield,"95 WEST ST, SPRING VALLEY, NY"
Kingsway Manor,"357 Kings Road, Schenectady, NY"
Kingsway Arms,"323 Kings Road, Schenectady, NY"
Parkview,"3200 Bronx Blvd, Bronx, NY"
Park Inn Home For Adults,"11502 Ocean Promenade Belle, Harbor Queens, NY"
Susquehanna Nursing Home,"282 Riverside Dr, Johnson City, NY"
Resort Nursing,"430 Beach 68th St, Arverne, NY"
NY Congregational Nursing Center,"135 Linden Boulevard, Brooklyn, NY"
LeRoy Village,"10 Munson St, Le Roy, NY"
Queens Nassau Rehabilitation & Nursing Center,"520 Beach 19th St, Queens, NY"
The Pearl Nursing Center,"1335 Portland Ave, Rochester, NY"
Wayne Center for Nursing and Rehabilitation,"3530 Wayne Avenue, Bronx, NY"
Medford Multicare Center for Living,"3115 Horseblock Road, Medford, NY"
Sheepshead,"2840 Knapp street, Brooklyn, NY"
Dry Harbor Nursing and Rehabilitation Center,"61-35 Dry Harbor Road, Middle Village, NY"
White Plains Center for Nursing Care,"220 West Post Road, White Plains, NY"
Mosholu Parkway,"3356 Perry Avenue, Bronx, NY"
Fort Tryon Center for Rehabilitation & Nursing,"801 West 190 St, New York, NY"
Skyview Rehabilitation & Health Care,"1280 Albany Post Road, Croton-on-Hudson, NY"
Putnam,"404 Ludingtonville Road, Holmes, NY"
Kirkhaven,"254 Alexander Street, Rochester, NY"
Sunrise Manor,"1325 Brentwood Rd, Bay Shore, NY"
Morris Park Nursing Home,"1235 Pelham Parkway North, Bronx, NY"
The Promenade,"140 Beach 114 Street, Rockaway Park, NY"
New Vanderbilt,"135 Vanderbilt Ave, Staten Island, NY"
Bridge View,"143-10 20th Ave, Queens, NY"
Elmhurst Care Center,"100-17 23rd Avenue, East Elmhurst, NY"
The Grand at River Valley,"140 Main Street, Poughkeepsie, NY"
Hudson Hill,"65 Ashburton Ave, Yonkers, NY"
Betsy Ross Nursing & Rehab Center,"1 Elsie Street, Rome, NY"
Brookside Multicare Nursing Center,"7 NY-25A, Smithtown, NY"
The Grand Rehabilitation and Nursing at Utica,"1657 Sunset Ave, Utica, NY"
Mohawk Valley Health Care Center,"99 Sixth Avenue, Ilion, NY"
Fulton Commons Care Center,"60 Merrick Avenue, East Meadow, NY"
The Grand at Rome,"801 North James Street, Rome, NY"
Brookhaven Rehabilitation & Health Care Center,"250 Beach 17th St, Far Rockaway, NY"
Springvale Nursing and Rehabilitation,"67 Springvale Rd, Croton-On-Hudson, NY"
Mohawk Valley Health Care Center (dup?),"99 Sixth Avenue, Ilion, NY"
The Grand at Chittenango,"331 Russell Street, Chittenango, NY"
Crown Park Rehabilitation and Nursing center,"28 Kellogg Rd, Cortland, NY"
Colonial Park Rehab and Nursing Center - SNF,"950 Floyd Avenue, Rome, NY"
The Grand at Guilderland,"127 Main St, Guilderland Center, NY"
Mercy Living Center,"114 Wawbeek Ave, Tupper Lake, NY"
Oceanview Nursing Home,"315 Beach 9th St, Far Rockaway, NY"
Sapphire Nursing at Meadow Hill,"172 Meadow Hill Road, Newburgh, NY"
Sapphire Nursing & Rehab at Goshen,"46 Harriman Drive, Goshen, NY"
Beacon Rehabilitation and Nursing Center,"140 Beach 113th St, Queens, NY"
Oneida Health Rehab,"323 Genesee St, Oneida, NY"
Split Rock Rehabilitation and Health Care,"3525 Baychester Ave, Bronx, NY"
Golden Gate Rehab,"191 Bradley Ave, Staten Island, NY"
Hillside Manor,"182-15 Hillside Avenue, Jamaica Estates, NY"
Middletown park rehabilitation and healthcare,"121 Dunning Rd, Middletown, NY"
Northwoods rehabilitation and nursing center,"7 Keeler St, Moravia, NY"
Ross Center for Nursing and Rehabilitation,"839 Suffolk Ave, Brentwood, NY"
"The Pavillion at Vestal Park
The Pavillion
The Pavillion","105 E Sheedy Rd, Vestal, NY"
Mayfair Care Center,"100 Baldwin Rd, Hempstead, NY"
New Glen Oaks Nursing Home,"260-01 79th Ave, Queens, NY"
Montgomery Nursing Home,"2817 Albany Post Rd, Montgomery, NY"
Northern Westchester Hospital,"400 E Main St, Mt Kisco, NY"
Epic White Plains,"120 Church St, White Plains, NY"
Hedgewood,"355 Fishkill Ave, Beacon, NY"
Crest Manor,"6745 Pittsford-Palmyra Road, Fairport, NY"
The center for nursing and rehab Hoosick Falls,"21 Danforth St, Hoosick Falls, NY"
Bethany Gardens Skilled Living Center,"800 W Chestnut St, Rome, NY"
San Simeon by the Sound Center for Nursing & Rehabilitation,"61700 County Rd 48, Greenport, NY"
Franklin Adult Day Care,"45-15 162nd St, Flushing, NY"
Valley View Manor Nursing Home,"40 Park St, Norwich, NY"
Rome Health,"1500 North James Street, Rome, NY"
Test_fac,"test_address, test_city, OH"
Embassy Woodview,"2770 Clime Road, Columbus, OH"
Embassy Winchester,"36 Lehman Drive #1006, Canal Winchester, OH"
Autumnwood Care Centre,"670 East State Route 18, Tiffen, OH"
Bethesda Care Centre,"600 N Brush St, Fremont, OH"
Buckingham Valley,"820 Durham Rd., Newtown, PA"
(old) Buckingham Valley/Richboro,", , PA"
Caring Heart,"6445 Germantown Ave., PHILADELPHIA, PA"
Centennial Healthcare and Rehabilitation Center,"4400 West Girard Ave, PHILADELPHIA, PA"
(old) Centennial/Chester Valley,", , PA"
(old) Centennial/Ivy Hill,", , PA"
Green Meadows Rehabiliation & Nursing Center,"283 EAST LANCASTER AVE., MALVERN, PA"
(old) Chester Valley/Centennial,", , PA"
Ivy Hill,"1401 IVY HILL RD., WYNDMOOR, PA"
(old) Ivy Hill/Centennial,", , PA"
(old) Ivy Hill/Chester Valley,", , PA"
(old) Ivy Hill/Oakwood Healthcare,", , PA"
(old) New Grove,", , PA"
Oakwood Nursing,"2109 RED LION RD., PHILADELPHIA, PA"
Oakwood Residence,"2109 RED LION RD., PHILADELPHIA, PA"
Pembrooke,"1130 West Chester Pike, WEST CHESTER, PA"
(old) Prospect Park,"815 Chester Pike, PROSPECT PARK, PA"
Richboro,"253 TWINING FORD RD., RICHBORO, PA"
(old) Chester Valley/Pembroke,", , PA"
Gwynedd,"773 Sunnytown Pike, Lansdale, PA"
Meadowview,"9209 Ridge Pike, Whitemarsh, PA"
(old) Premier Armstrong,"265 McKean St, Kittanning, PA"
(old) Birchwood,"395 Middle Rd, Nanticoke, PA"
(old) Grandview,"49 Woodbine Ln, Danville, PA"
(old) Premier Washington,"36 Old Hickory Ridge Rd, Washington, PA"
(old) Susquehanna Valley,"745 Old Chickies Hill Rd., Columbia, PA"
Elizabethtown Rehabilitation & Nursing Center,"141 Heisey Ave, Elizabethtown, PA"
(old) Centennial/ Oakwood,"2109 RED LION RD., PHILADELPHIA, PA"
Masonic Home,"801 Ridge Pike, Lafayette Hill, PA"
(old) Conner-Williams Nursing Home,"105 Morton Ave, Ridley Park, PA"
Fairview,"184 Bethlehem Pike, Philadelphia, PA"
Brinton Manor,"549 Baltimore Pike, Glen Mills, PA"
(old) Rose View,"1201 Rural Ave, Williamsport, PA"
Pennypack,"8015 Lawndale Street, Philadelphia, PA"
Garden Spring,"1113 Easton Rd, Willow Grove, PA"
Townview Health and Rehab,"300 Barr St., Canonsburg, PA"
Rivers Edge Rehab and Healthcare Center,"9501 State Rd, Philadelphia, PA"
Accela Rehab and Care Center,"650 Edison Ave, Philadelphia, PA"
Diamond Healthcare at Stroud,"221 East Brown Street, East Stroudsburg, PA"
Silver Stream Nursing and Rehabilitation Center,"905 Penllyn Pike, Spring House, PA"
Pleasant Acres Rehabilitation & Nursing Center,"118 Pleasant Acres Road, York, PA"
(old) Willow Terrace Nursing and Rehabilitation Center,"1 Penn Blvd, Philadelphia, PA"
Kadima Rehabilitation & Nursing at Campbelltown,"2880 Horseshoe Pike, Palmyra, PA"
Kadima at Lititz,"125 S Broad St, Lititz, PA"
Deer Meadows,"8301 Roosevelt Blvd, Philadelphia, PA"
Sterling Healthcare and Rehab,"318 S. Orange Street, Media, PA"
Kadima at Palmyra,"341 N. Railroad St, Palmyra, PA"
Forest City Nursing & Rehab,"915 Delaware St, Forest City, PA"
PA Staff Members," 222 N 20th St, Philadelphia, PA"
Kadima at Lakeside,"245 Old Lake Road, Dallas, PA"
Kadima at Luzerne,"463 N Hunter Hwy, Drums, PA"
(old) Ocean Grove,"973 EXETER AVE, EXETER, PA"
Highland Manor,"750 Schooley Ave, Exeter, PA"
University City,"3609 Chestnut St, Philadelphia, PA"
Lakewood (Guardian Eldercare Nanticoke),"147 Old Newport Rd, Nanticoke, PA"
(old) Mountaintop Healthcare and Rehab,"185 S Mountain Blvd, Mountaintop, PA"
Maple Ridge (River Run Healthcare and Rehab),"615 Wyoming Ave, Kingston, PA"
(old) Forest Hills(f.Weatherwood),"1000 Evergreen Ave, Weatherly, PA"
The Terrace at Chestnut Hill,"495 E Abington Ave, Philadelphia, PA"
(old) Abramson Senior Care,"100 East Lancaster Ave, Wynnewood, PA"
(old) Allegria at The Oaks,"6400 Hulmeville Rd, Bensalem, PA"
(old) Wonder City,"820 Durham Rd., Newtown, PA"
Westgate Hills,"2050 Old West Chester Pike, Havertown, PA"
Emerald Rehab & Healthcare,"320 South Market Street, Elizabethtown, PA"
(old) Wesley Enhanced Living at Stapeley,"6300 Greene Street, Philadelphia, PA"
(old) Oak Ridge (Riverside),"500 Hospital St, Taylor, PA"
(old) Westport,"7300 Forest Ave, Richmond, PA"
Supportive Care of PA Tele facility,"2109 RED LION RD., Philadelphia, PA"
Glen Brook Rehabilitation and Healthcare Center,"801 E 16th S, Berwick, PA"
(old) Capitol City,"820 Durham Rd., Newtown, PA"
Majestic Oaks,"333 Newtown Rd, Warminster, PA"
(old) Elkton,"820 Durham Rd., Newtown, PA"
Rosewood Gardens,"2040 Marple Road, Broomall, PA"
(old) Chelten Christian Crusade,"3635 N 22nd St, Philadelphia, PA"
(old) Christian Life Services,"3408 N 19th St, Philadelphia, PA"
(old) Bethesda Court,"6200 Ardleigh St, Philadelphia, PA"
(old) Divinity Manor,"932 34 North 42Nd Street, Philadelphia, PA"
(old) Johnson Personal Care,"2219 W Tioga St, Philadelphia, PA"
(old) Tabor Manor,"6730 Tabor Ave, Philadelphia, PA"
(old) McCallum Assisted Life,"7141 McCallum St, Philadelphia, PA"
(old) New Manor,"2211 West Venango Street, Philadelphia, PA"
(old) Paradise Manor,"206 E Lincoln Avenue, Hatfield, PA"
(old) Taylor's Personal Care,"2113 W Hunting Park Ave, Philadelphia, PA"
(old) The Belford,"105 E. Johnson Street, Philadelphia, PA"
(old) Vine Street Manor,"230 North 65th Street, Philadelphia, PA"
(old) Kaysim Court Manor,"5919 Wayne Avenue, Philadelphia, PA"
The Gardens at Orangeville,"200 Berwick Road, Orangeville, PA"
(old) The Gardens at Tunkhannock,"30 Virginia Dr, Tunkhannock, PA"
The Gardens at York Terrace,"2401 West Market Street, Pottsville, PA"
(old) Rose City Nursing and Rehabilitation,"425 North Duke Street, Lancaster, PA"
(old) Fairlane Gardens Nursing and Rehabilitation,"21 Fairlane Road, Reading, PA"
(old) Rosewood Rehabilitation and Nursing Center - SNF,"401 University Drive, Schuylkill Haven, PA"
(old) Mountain View,"2309 Stafford Ave, Scranton, PA"
The Pavilion at St. Luke Village,"1000 Stacie Dr, Hazleton, PA"
Embassy of East Mountain,"101 E Mountain Blvd, Wilkes Barre, PA"
(old) Nursing and Rehab at Mansion,"1040 Market St, Sunbury, PA"
(old) Premier at Susquehanna Village,"990 Medical Road, Millersburg, PA"
(old) The Gardens at Gettysburg,"741 Chambersburg Rd, Gettysburg, PA"
Brookmont Healthcare and Rehabilitation Center,"510 Brookmont Dr, Effort, PA"
Belle Haven,"1320 Mill Rd, Quakertown, PA"
Eldercrest Healthcare and Rehabilitation Center,"2600 West Run Road, Munhall, PA"
Havencrest Healthcare and Rehabilitation Center,"1277 Country Club Road, Monongahela, PA"
(old) Jefferson Hills Healthcare and Rehabilitation Center,"448 Old Clairton Road, Jefferson Hills, PA"
Meadowcrest Healthcare and Rehabilitation Center,"1200 Braun Road, Bethel Park, PA"
(old) Meadowview Montrose,"225 Park St, Montrose, PA"
(old) Highlands Healthcare and Rehabilitation Center,"918 Main St Suite 1, Laporte, PA"
Darway Healthcare and Rehabilitation Center,"5865 Route 154, Forksville, PA"
(old) The Gardens at Wyoming Valley,"50 North Pennsylvania Ave, Wilkes Barre, PA"
Oak Hill Healthcare and Rehabilitation Center,"827 Georges Station Road, Greensburg, PA"
Richfield Healthcare and Rehabilitation Center,"631 Main St, Richfield, PA"
(old) The Gardens at Scranton,"824 Adams Ave, Scranton, PA"
Shippenville Healthcare and Rehabilitation Center,"21158 Paint Blvd, Shippenville, PA"
(old) Abington Crest Healthcare and Rehabilitation Center,"1267 South Hill Road, Erie, PA"
Rolling Hills Healthcare and Rehabilitation Center,"17350 Old Turnpike Road, Milmont, PA"
(old) Milford Healthcare and Rehabilitation Center,"264 Routes 6 & 209, Milford, PA"
Brookline Healthcare and Rehabilitation Center,"2 Manor Blvd, Mifflintown, PA"
Cedarwood (Epworth Healthcare and Rehabilitation Center-SNF),"951 Washington Avenue, Tyrone, PA"
Haida Healthcare and Rehabilitation Center,"397 Third Avenue Extension, Hastings, PA"
(old) Lakeview Healthcare and Rehabilitation Center,"15 West Willow St, Smethport, PA"
(old) Scottdale Healthcare and Rehabilitation Center,"900 Porter Ave, Scottdale, PA"
(old) Beaver Healthcare & Rehabilitation Center,"616 Golfcourse Rd, Aliquippa, PA"
Highland View Healthcare and Rehabilitation Center,"90 Main Street, Brockway, PA"
Kinzua Healthcare and Rehabilitation Center,"205 Water Street, Warren, PA"
Waynesburg Healthcare and Rehabilitation Center,"300 Center Avenue300 Center Avenue, Waynesburg, PA"
Hilltop,"700 South Cayuga Avenue, Altoona, PA"
Clarion SNF,"999 Heidrick Street, Clarion, PA"
Forest Park,"700 Walnut Bottom Road, Carlisle, PA"
(old) Woodland Creek,"1421 Dreshertown Road, Dresher, PA"
Beaver Valley,"257 Georgetown Road, Beaver Falls, PA"
Hillcrest Rehabilitation and Healthcare Center,"100 Little Road, Lower Burell, PA"
(old) Carleton,"10 West Ave, Wellsboro, PA"
(old) Meyersdale,"201 Hospital Drive, Meyersdale, PA"
Mountain Laurel,"700 Leonard Street, Clearfield, PA"
(old) Mulberry,"411 1/2 West Mahoning Street, Punxsutawney, PA"
Oil City,"1293 Grandview Road, Oil City, PA"
Richland,"349 Vo-Tech Drive, Johnstown, PA"
(old) Ridgeview,"30 Fourth Ave, Curwensville, PA"
(old) Scenery Hill,"680 Lions Health Camp Road, Indiana, PA"
Sunset Ridge,"3298 Ridge Road, Bloomsburg, PA"
Titusville,"81 Dillon Drive, Titusville, PA"
Uniontown,"129 Franklin Avenue, Uniontown, PA"
Walnut Creek,"4850 Zuck Road, Erie, PA"
(old) Western Reserve,"1521 West 54th Street, Erie, PA"
William Penn Healthcare and Rehabilitation Center,"163 Summit Drive, Lewistown, PA"
Peter Becker Community,"800 Maple Ave, Harleysville, PA"
Horsham Center for Jewish Life,"1425 Horsham Road, North Wales, PA"
Care Pavilion,"6212 Walnut St, Philadelphia, PA"
WeCare at Rolling Meadows Rehabilitation and Nursing Center,"107 Curry Road, Waynesburg, PA"
(old) Susquehanna NY,"2109 RED LION RD., philidelphia, PA"
(old) Greenery Center,"2200 Hill Church Houston Rd, Canonsburg, PA"
Peter Becker PC,"800 Maple Ave, Harleysville, PA"
Peter Becker ILF,"800 Maple Ave, Harleysville, PA"
Elkins Crest,"265 East Township Line Rd, Elkins Park, PA"
Holland Manor ALF,"280 Middle Holland Road, Holland, PA"
Holland Village SNF,"280 Middle Holland Road, Holland, PA"
(old) Ocean Grove NJ,"820 Durham Rd, Newtown, PA"
(old) Preferred Care at Wall,"820 Durham Rd, Newtown, PA"
(old) The Pearl Nursing Center,"1335 Portland Ave, Rochester, PA"
(old) West Haven,"151 Goodview Drive, Apollo, PA"
(old) Pinnacle,"820 Durham Rd, Newtown, PA"
(old) Coral Springs,"820 Durham Rd, Newtown, PA"
(old) Atlantic Shores,"820 Durham Rd, Newtown, PA"
Heritage Pointe,"400 S Main St, Doylestown, PA"
Oak Leaf Manor North,"2901 Harrisburg Pike, Landisville, PA"
Oak Leaf Manor South,"2101 Wabank Rd, Millersville, PA"
Autumn House East,"2618 East Market St, York, PA"
Autumn House West,"914 West Market St, York, PA"
Hillside Senior Living,"2725 Four Mile Drive, Montoursville, PA"
Serenity Gardens,"135 Vermont Drive, Kulpmont, PA"
Vintage Knolls,"9 Justin Drive, Danville, PA"
(old) Robinson Terrace,"28652 State Hwy 23, Stamford, PA"
Lancaster Nursing,"900 E. King Street, Lancaster, PA"
(old) Newport Meadows,"41 Newport Ave, Christiana, PA"
Tucker House,"1001-11 Wallace St, Philadelphia, PA"
Willow Brook,"120 Trexler Ave, Kutztown, PA"
(old) Vincentian Marian Manor,"2695 Winchester Drive, Pittsburgh, PA"
(old) Vincentian Home,"111 Perrymont Rd, Pittsburgh, PA"
(old) Vincentian de Marillac,"5300 Stanton Ave, Pittsburgh, PA"
(old) Shippensburg,"121 Walnut Bottom Rd, Shippensburg, PA"
Liberty Pointe,"252 Belmont Ave, Doylestown, PA"
Mount Hope,"3026 Mount Hope Home Rd, Manheim, PA"
Maybrook,"301 Valley View Blvd, Altoona, PA"
(old) Carriage Square Living,"4009 Gene Field Rd, St. Joseph, PA"
(old) Country Club,"503 Regent Drive, Warrensburg, PA"
(old) Beauvais Manor,"3625 Magnolia Ave, St. Louis, PA"
(old) Crown Rehab,"3001 East Elm Street, Harrisonville, PA"
(old) Hillside Manor,"1265 McLaran Ave, St. Louis, PA"
(old) Rancho Manor,"615 Rancho Lane, Florissant, PA"
(old) Rosewood Health,"1415 W White Oak, Independence, PA"
(old) Seasons Memory,"15600 Woods Chapel Rd, Kansas City, PA"
(old) Wilshire at Lakewood,"600 Northeast Meadowview Drive, Lees Summit, PA"
(old) Van Duyn,"5075 W SENECA TURNPIKE, SYRACUSE, PA"
Ridgeview Health Care,"200 Pennsylvania Ave, Shenandoah, PA"
Vincentian Personal Care,"111 Perrymont Rd, Pittsburgh, PA"
(old) Ambassador,"4900 N Bernard St, Chicago, PA"
Fairmont ,"130 Kaufman Drive, Fairmont, PA"
(old) Peterson,"20 Homestead Ave, Wheeling, PA"
WeCare at South Hills,"201 Village Dr, Canonsburg, PA"
(old) Bloomsburg,"211 E 1st St., Bloomsburg, PA"
(old) Henry Rehab and Nursing,"1650 Indiantown Road, Henry, PA"
(old) Carmi Manor,"615 W. Webb Street, Carmi, PA"
(old) Gallatin Manor,"900 West Race Street, Ridgway, PA"
(old) Lacon Rehab and Nursing,"401 9th Street, Lacon, PA"
(old) Macomb Post Acute Care Center,"8 Doctors Lane, Macomb, PA"
(old) Marshall Rehabilitation and Nursing,"410 N 2nd Street, Marshall, PA"
(old) Mercer Manor,"309 NW 9th Ave, Aledo, PA"
(old) Robinson Rehab and Nursing,"600 Robinwood Drive, Robinson, PA"
Corner View,"6655 Frankstown Ave, Pittsburgh, PA"
Juniper Village,"607 Hearthstone Lane, Mount Joy, PA"
Welsh Mountain Home,"567 Springville Road, New Holland, PA"
Evergreen,"1300 East King Street, Lancaster, PA"
Pennwood,"909 West Street, Pittsburgh, PA"
Seton Manor SNF,"1000 Seton Drive, Orwigsburg, PA"
Twin Lakes,"227 Sand Hill Road, Greensburg, PA"
(old) Canterbury Place,"310 Fisk St, Pittsburgh, PA"
(old) Embassy of Park Avenue,"14714 Park Avenue, Meadville, PA"
Embassy of Hearthside,"450 Waupelani Drive, State College, PA"
Clepper Manor,"959 East State Street, Sharon, PA"
Embassy of Huntingdon Park,"1229 Warm Springs Ave, Huntingdon, PA"
Embassy of Saxonburg,"223 Pittsburgh Street, Saxonburg, PA"
Embassy of Woodland Park,"18889 Croghan Pike, Orbisonia, PA"
(old) Embassy Manor at Edison,"10 Brunswick Ave, Edison, PA"
IntegraCare -Glen Mills Senior Living,"242 Baltimore Pike, Glen Mills, PA"
IntegraCare -Exton Senior Living,"600 N Pottstown Pike, Exton, PA"
Laurel Square Healthcare and Rehabilitation Center,"1020 Oak Lane Avenue, Philadelphia, PA"
Reformed Presbyterian Home SNF,"2344 Perrysville Ave, Pittsburgh, PA"
Reformed Presbyterian Home - McKee Place,"2344 Perrysville Ave, Pittsburgh, PA"
Immaculate Mary Center,"2990 Holme Avenue, Philadelphia, PA"
Luther Woods,"313 W County Line Road, Hatboro, PA"
St. Francis Center,"1412 Lansdowne Avenue, Darby, PA"
The Manor at St. Luke Village,"1711 E Broad St, Hazleton, PA"
Fairmount Homes: Crest View Apartments,"333 Wheat Ridge Drive, Ephrata, PA"
Fairmount Homes: fcpc&fc Suites,"1100 Farm Crest Dr, Ephrata, PA"
Fairmount Homes: Wheat Ridge Health Center,"333 Wheat Ridge Drive, Ephrata, PA"
Fairmount Homes: Wheat Ridge Personal Care,"333 Wheat Ridge Dr, Ephrata, PA"
Fairmount Homes: Wheat Ridge Apartments,"333 Wheat Ridge Dr, Ephrata, PA"
Riddle Village,"1048 W Baltimore Pike, Media, PA"
(old) Forest City Personal Care,"911 Delaware St, Forest City, PA"
Claremont,"1000 Claremont Road, Carlisle, PA"
Magnolias of Lancaster,"1870 Rohrerstown Rd, Lancaster, PA"
GSV PC Memory Support,"800 Kraybill Ave, New Holland, PA"
Whitestone Care Center-SNF,"370 White Stone Corner Road, Stroudsburg, PA"
GSV Skilled Nursing,"433 S Kinzer Ave, New Holland, PA"
Holland independent living (IL),"280 Middle Holland Road, Holland, PA"
Maple Farm,"604 Oak Street, Akron, PA"
Mount Carmel Senior Living,"2616 Locust Gap Highwa, Mount Carmel, PA"
GSV Personal Care,"433 S Kinzer Ave, New Holland, PA"
Artis Senior Living,"1001 Higbee Drive, Bethel Park, PA"
Pine View,"50 North Malin Road, Broomall, PA"
Test Facility,"1 Test Drive, Test, PA"
Maplewood,"125 W Schoolhouse Ln, Philadelphia, PA"
Rittenhouse Village,"1263 S Cedar Crest Blvd, Allentown, PA"
Arden Courts - ProMedica MCC,"779 W County Line Rd, Hatboro, PA"
St. Martha Nursing Home,"470 Manor Ave, Downingtown, PA"
St. Martha Villa,"490 Manor Avenue, Downingtown, PA"
Heritage Care Center,"5701 Phillips Avenue, Pittsburgh, PA"
Sugar Creek Care Center,"351 Causeway Drive, Franklin, PA"
Christ's Home Retirement Community - Skilled Care,"1 Shepherd's Way, Warminster, PA"
Christ's Home Retirement Community Memory Care,"1 Shepherd's Way Suite, Warminster, PA"
Christ's Home Retirement Community-Personal Care,"1 Shepherd's Way, Warminster, PA"
Accela at Springfield,"850 Paper Mill Road, Glenside, PA"
WeCare at Monroeville,"4142 Monroeville Blvd, Monroeville, PA"
The Vineyard Personal Care Home,"3030 Columbia Ave, Lancaster, PA"
(old) Atlantic Shores,"231 South Washington St, Millsboro, PA"
(old) Bay Terrace,"889 S Little Creek Rd, Dover, PA"
(old) Coral Springs,"505 Greenbank Rd, Wilmington, PA"
(old) Pinnacle,"3034 South Dupont Blvd, Smyrna, PA"
Rittenhouse Village at Muhlenburg,"2900 Lawn Terrace, Reading, PA"
Oak Glen Healthcare and Rehabilitation Center,"15 Ridgecrest Circle, Lewisburg, PA"
Clarion Senior Living,"999 Heidrick Street, Clarion, PA"
Oil City Senior Living,"1293 Grandview Road, Oil City, PA"
Providence Place of Lancaster,"1380 Elm Ave, Lancaster, PA"
GSV Thistledown Co-Living House,"435 Ranck RoadÂ , New Holland, PA"
Park Lane,"1619 E. Boot Road, West Chester, PA"
Christ's Home Retirement Community - independent living,"1 Shepherd's Way, Warminster, PA"
Avalon Care Center,"3410 West Pittsburg Road, New Castle, PA"
Jameson Nursing and Rehab Center,"3349 Wilmington Road, New Castle, PA"
Morningside House - The Landings (Collegeville),"1421 S. Collegeville Road, Collegeville, PA"
Morningside House - Blue Bell,"795 Penllyn Blue Bell Pike, Blue Bell, PA"
Morningside House - Chestnut Ridge,"2700 Chestnut Parkway, Wallingford, PA"
Morningside House - Exton,"200 Sunrise Blvd, Exton, PA"
Morningside House - The Landings (Towamencin),"900 Towamencin Avenue, Lansdale, PA"
WeCare at Sycamore,"1445 Sycamore Road, Montoursville, PA"
Elizabethtown Personal Care Home,"141 Heisey Ave, Elizabethtown, PA"
Avalon Springs Care Center,"745 Greenville Road, Mercer, PA"
Mon Valley Care Center,"200 Stoops Drive, Monongahela, PA"
Brookdale Mt. Lebanon,"1050 McNeilly Rd., Pittsburgh, PA"
Test Facility,", , RI"
Bannister Center,"135 Dodge Street, Providence, RI"
Kingston Center,"415 Gardiner Rd, West Kingston, RI"
Oak Hill,"544 Pleasant St, Pawtucket, RI"
Capitol Ridge at Providence,"700 Smith St, Providence, RI"
Greenwich Farms at Warwick,"75 Minnesota Ave, Warwick, RI"
Blenheim Newport,"303 Valley Rd, Middletown, RI"
Oakland Grove Health Care Center,"560 Cumberland Hill Rd, Woonsocket, RI"
Orchard View Manor,"135 Tripps Ln, East Providence, RI"
Heatherwood Rehabilitation & Health Care Center,"398 Bellevue Ave, Newport, RI"
Lincolnwood Rehabilitation & Healthcare Center,"610 Smithfield Rd, North Providence, RI"
Bayview Rehabilitation at Scalabrini,"860 N Quidnessett Rd, North Kingstown, RI"
Summit Commons Rehabilitation and Health Care Center,"99 Hillside Ave, Providence, RI"
Roberts Health Center Inc,"25 Roberts Way, North Kingstown, RI"
Village House Nursing & Rehabilitation Center,"70 Harrison Ave, Newport, RI"
Eastgate Nursing & Rehabilitation Center,"198 Waterman Ave, East Providence, RI"
Elmwood Nursing & Rehabilitation Center,"225 Elmwood Ave, Providence, RI"
Heritage Hills Nursing Center,"80 Douglas Pike, Smithfield, RI"
Hebert Health & Rehabilitation Center,"180 Log Rd, Smithfield, RI"
Trinity Health & Rehabilitation Center,"4 St Joseph St, Woonsocket, RI"
West Shore Health Center,"109 W Shore Rd, Warwick, RI"
South Kingstown Nursing and Rehabilitation Center,"2115 S County Trail, West Kingston, RI"
Royal Westerly Nursing & Rehabilitation- SNF,"79 Beach St, Westerly, RI"
Cra-Mar Meadows,"575 Seven Mile Rd, Hope, RI"
John Clarke Nursing Center,"600 Valley Rd, Middletown, RI"
Royal Middletown Nursing & Rehabilitation- SNF,"193 Forest Ave, Middletown, RI"
Silver Creek Rehab And Healthcare Center,"7 Creek Ln, Bristol, RI"
Berkshire Place Nursing and Rehabilitation Center,"455 Douglas Ave, Providence, RI"
Dawn Hill Home for Rehab and Healthcare,"1 Dawn Hill Rd, Bristol, RI"
The Friendly Home Inc,"303 Rhodes Ave, Woonsocket, RI"
Elmhurst Rehabilitation & Healthcare Center,"50 Maude S, Providence, RI"
Morgan Health Center Inc,"80 Morgan Ave, Johnston, RI"
Forest Farm Assisted Living,"191 Forest Ave, Middletown, RI"
Pawtucket Falls Healthcare Center,"70 Gill Ave, Pawtucket, RI"
Westerly Rehabilitation & Healthcare Center,"280 High St, Westerly, RI"
Darlington ALF Armistice,"123 Armistice Blvd, Pawtucket, RI"
Darlington ALF Maynard,"56 Maynard St, Pawtucket, RI"
Riverview Rehabilitation & Healthcare Center,"546 Main St, Coventry, RI"
Darlington ML 1073,"1073 Mineral Spring Ave, North Providence, RI"
Darlington ML 1081,"1081 Mineral Spring Ave, North Providence, RI"
Respiratory and Rehabilitation Center of Rhode Island,"10 Woodland Dr, Coventry, RI"
Greenville Center,"735 Putnam Pike, Greenville, RI"
Warren Center,"642 Metacom Ave, Warren, RI"
Grand Islander,"333 Green End Ave, Middletown, RI"
Grandview Center,"100 Chambers St, Cumberland, RI"
Kent Regency,"660 Commonwealth Ave, Warwick, RI"
Greenwood Center,"1139 Main Ave, Warwick, RI"
Pacifica Senior Living Victoria Court,"55 Oaklawn Ave, Cranston, RI"
Brookdale Centre of New England,"600 Centre of New England Blvd, Coventry, RI"
Harris Health Care Center LLC,"833 Broadway, East Providence, RI"
The Elms Retirement Residence,"22 Elm St, Westerly, RI"
St Clare Home,"309 Spring Street, Newport, RI"
St Clare ALF,"309 Spring Street, Newport, RI"
Elderwood of Scallop Shell at Wakefield,"55 Scallop Shell Way, Wakefield, RI"
Lakeside Nursing and Rehabilitation,"740 Oak Hill Road, North Kingstown, RI"
Test facility,"27 Randolph, Howell, SC"
Brightwater SNF,"101 Brightwater Dr, Myrtle Beach, SC"
Brightwater ALF,"101 Brightwater Dr, Myrtle Beach, SC"
Compass Post Acute Rehabilitation,"2320 US-378, Conway, SC"
Angel Oak Nursing and Rehabilitation Center,"4452 Socastee Blvd, Myrtle Beach, SC"
Portside at Grande Dunes,"901 Portside Drive, Myrtle Beach, SC"
Palmettos of Garden City,"9415 Frontage Rd, Murrells Inlet, SC"
Myrtle Beach Manor,"9547 N Kings Hwy, Myrtle Beach, SC"
Myrtle Beach Manor ALF,"9547 N Kings Hwy, Myrtle Beach, SC"
Viviant Healthcare of Hanahan,"1800 Eagle Landing Blvd, Hanahan, SC"
Landings of Georgetown,"2563 N Fraser St, Georgetown, SC"
Oak View Health and Rehabilitation,"3300 4th Ave, Conway, SC"
NHC HealthCare Garden City,"9405 US Highway 17 Bypass South, Murrells Inlet, SC"
Senior Care of Marion,"2770 South Highway 501, Marion, SC"
The Blake at Woodcreek Farms,"385 Spears Creek Church Rd, Elgin, SC"
Achieve Rehabilitation and Nursing Center,"611 East Hampton Street, Anderson, SC"
The Blake at Hollingsworth Park,"360 Woodruff Rd, Greenville, SC"
The Blake at Baxter Village,"522 6th Baxter Crossing, Fort Mill, SC"
Jenni-Lynn Assisted Living,"915 Hook Ave, West Columbia, SC"
Opus Post Acute Rehabilitation,"300 Agape Dr, West Columbia, SC"
TerraBella Rock Hill,"1785 Lexington Commons Dr, Rock Hill, SC"
Watercrest Myrtle Beach,"6151 Colline Verde Wy, Myrtle Beach, SC"
Indigo Carolina Forest,"176 Village Center Blvd, Myrtle Beach, SC"
Spring Oak at York,"1020 N Congress St, York, SC"
The Blake at Edgewater ,"1099 Edgewater Corporate Pkwy,  Indian Land, SC"
"Revela at Mt. Pleasant
Revela at Mt. Pleasant","1047 Anna Knapp Blvd, Mt Pleasant, SC"
"Generations of Chapin
Generations of Chapin","431 E Boundary St, Chapin, SC"
Crossings of Georgetown,"2628 N Fraser St, Georgetown, SC"
Spring Oak at Lexington,"5422 Augusta Rd, Lexington, SC"
"Magnolia Bridge at Murrells Inlet","1056 TPC Blvd, Murrells Inlet, SC"
Johns Island Post Acute,"3647 Maybank Hwy, Johns Island, SC"
Covenant Place,"2825 Carter Rd, Sumter, SC"
(old)Harborview Health Systems Dyersburg,"350 E Tickle Street, Dyersburg, TN"
The Bay at Highlands,"3549 Noriswood Ave, Memphis, TN"
(old)Mabry Rehab Center,"1340 N Grundy Quarles Hwy, Gainesboro, TN"
Hearthside Senior Living of Bartlett,"7480 Summer Ave, Memphis, TN"
Generations Center of Spencer,"87 Generations Dr, Spencer, TN"
(old)Clarendale at Indian Lake,"195 Indian Lake Blvd, Hendersonville, TN"
Graceland Rehabilitation and Nursing Center,"1250 Farrow Rd, Memphis, TN"
Pine Meadows Healthcare Center,"700 Nuckolls Rd, Bolivar, TN"
Cordova Wellness & Rehabilitation Center,"955 N Germantown Rd, Cordova, TN"
(old)Ridgemont Manor,"3815 Ridgemont Ave, Memphis, TN"
(old)Ivy Crest Assisted Living,"101 Ivy Ln, Pulaski, TN"
(old)Royal Retreat Independent Living,"6539 Knight Arnold Rd, Memphis, TN"
Brookdale Germantown,"7701 Poplar Ave, Germantown, TN"
(old)Dogwood Pointe Assisted Living,"9001 Telecom Drive, Milan, TN"
Whites Creek Wellness & Rehabilitation Center,"3425 Knight Dr, Whites Creek, TN"
(old)Lauderdale Community Living Center,"215 Lackey Ln, Ripley, TN"
(old)Woodcrest at Blakeford,"11 Burton Hills Blvd, Nashville, TN"
(old)Germantown Plantation Senior Living,"9293 Poplar Ave, Germantown, TN"
(old)New Hope Senior Living of Hendersonville,"1333 Hogans Branch Rd, Hendersonville, TN"
(old)Beehive Homes of Collierville,"1368 Wolf River Blvd, Collierville, TN"
(old)Red Cedar Glen,"202 Walton Ferry Rd, Hendersonville, TN"
(old)The Waters of Cheatham,"2501 River Rd, Ashland City, TN"
The Waters of McKenzie,"14510 US-79, McKenzie, TN"
The Waters of Memphis,"6500 Kirby Gate Blvd, Memphis, TN"
(old)The Waters of Springfield,"704 5th Ave E, Springfield, TN"
The Waters of Union City,"1105 S Sunswept St, Union City, TN"
Ripley Healthcare & Rehabilitation Center,"18 Halliburton St, Ripley, TN"
Brookdale Dogwood Creek,"8199 Poplar Ave, Germantown, TN"
(old) Balch Springs Nursing Home//,"4200 Shepherd Lane, Balch Springs, TX"
Baytown Nursing and Rehab,"3921  N. Main Street, Baytown, TX"
Benbrook Nursing and Rehab,"1000 MCKINLEY ST., BENBROOK, TX"
Benbrook/Heritage House of Keller,", , TX"
(old) Brookhollow Heights Transitional Care//,"1737 N Loop W, HOUSTON, TX"
(old) Colonial Manor (Cleburne),"2035 N. Granbury Street, Cleburne, TX"
Colonial Manor/Park View,", , TX"
(old) Crestview Healthcare Residence(WACO healthcare and rehab),"1400 LAKE SHORE DR, WACO, TX"
Garland (Advanced Health & Rehab Center of Garland),"505 W. CENTERVILLE RD., GARLAND, TX"
Garland/Balch Springs Nursing Home,", , TX"
Garland/Granbury,", , TX"
Garland/Mesquite,", , TX"
Garland/Renaissance,", , TX"
Garland/West Lake,", , TX"
Golden Age Manor,"704 Dobkins Street, Dublin, TX"
Granbury R&N,"2124 PALUXY HWY, GRANBURY, TX"
(old) Greenville Health & Rehab,"4910 WELLINGTON ST., GREENVILLE, TX"
(old) Heritage House of Keller,"1150 Whitley Road, Keller, TX"
Heritage Manor Healthcare Center,"1621 COIT RD., PLANO, TX"
Kindred,"7333 NORTH FWY #500, HOUSTON, TX"
Mesquite Tree Nursing Center,"434 Paza Drive Mesquite, Mesquite, TX"
(old) Mesquite/Garland,", , TX"
(old) Mesquite/Balch Springs,", , TX"
(old) Mesquite /West Lake,", , TX"
Palo Pinto Nursing Center,"200 SW 25TH AVE, MINERAL WELLS, TX"
Park View,", , TX"
Park View/ Heritage House of Keller,", , TX"
Park View/Wedgewood,", , TX"
Pathways at Villa Toscana,"2930 Cypress Grove Meadows Drive, Houston, TX"
Renaissance at Kessler Park,"2428 BAHAMA DR., DALLAS, TX"
Renaissance/Garland,", , TX"
Renaissance/Wedgewood,", , TX"
(old) Rosenberg Health and Rehab,"1419 MAHLMANN ST, ROSENBERG, TX"
Santa Fe Health & Rehab,"1205 Santa Fe Dr, Weatherford, TX"
Southeast Nursing & Rehab Center,"4302 E. SOUTHCROSS BLVD, SAN ANTONIO, TX"
Live Oak (Advanced Rehab & Healthcare of Live Oak),"8221 Palisades Dr, Live Oak, TX"
Stonebrook/Southeast,", , TX"
(old) The Manor Healthcare Residence,"831 TEHUACANA HIGHWAY, MEXIA, TX"
Tomball Rehab & Nursing,"815 Peach Street, Tomball, TX"
"(old) The Oaks at WS (Caraday of Ft Worth)
Trinity Healthcare Residence","8001 Western Hills Blvd, White Settlement, TX"
Villa Toscana at Cypreswood,"15015 Cypress Woods Medical Dr, Houston, TX"
(old) Wedgewood Nursing Home,"6621 DAN DANCIGER RD., FORT WORTH, TX"
(old) Wesley Woods Healthcare Center,"1700 WOODGATE DR., Waco, TX"
(old) Mesquite Village (Caraday of Mesquite),"825 W. Kearney Street, Mesquite, TX"
west Lake/Mesquite,", , TX"
Western Hills Healthcare Residence,"400 Old Sidney Road, Comanche, TX"
(old) White Settlement Nursing Center,"7820 Skyline Park Dr, White Settlement, TX"
(old) Winchester Lodge,"1112 Smith Dr., Alvin, TX"
Windsor Healthcare Residence,"1025 W. YEAGUA, Groesbeck, TX"
(old) Caraday of Houston/Houston Heights (Winterhaven),"6534 Stuebner Airline Rd, Houston, TX"
Renaissance/Balch Springs,", , TX"
Waterford at Baytown,"901 West Baker Rd., Baytown, TX"
Gladney Center for Ado ption,"6300 John Ryan Drive, Fort Worth, TX"
(old) Groesbeck LTC Nursing and Rehab,"607 Parkside Dr., Groesbeck, TX"
(old) Mexia LTC Nursing and Rehab,"601 Terrace Ln., Mexia, TX"
Silverado at Turtle Creek,"3611 Dickason Ave, Dallas, TX"
Clarksville Nursing Home,"300 E. Baker St., Clarksville, TX"
Wesley Woods/ Crestview,", , TX"
Magnolia Place Healthcare,"1620 Magnolia, Liberty, TX"
Lampstand Nursing and Rehab,"2001 E. 29th Street, Bryan, TX"
Magnified Health and Rehab,"1115 Anderson St, College Station, TX"
Walnut Place,"5515 Glen Lakes Dr, Dallas, TX"
Golden Age Manor/Western Hills,", , TX"
(old) Ponderosa Nursing and Rehab,"12520 FM1840, De Kalb, TX"
Fortress Nursing and Rehab,"1105 Rock Prairie, College Station, TX"
Balch Springs/Fortress,", , TX"
Navasota Nursing & Rehab,"1405 E Washington, Navasota, TX"
Bremond Nursing & Rehab,"211 N Main St, Bremond, TX"
Sterling Oaks Rehabilitation,"25150 Lakecrest Manor Drive, Katy, TX"
The Meridian,"2228 Seawall Blvd, Galveston, TX"
(old) Heritage House of Paris,"150 47th St SE, Paris, TX"
Bremond/Navasota,", , TX"
Renaissance/Mesquite,", , TX"
(old) Whispering Pines Nursing Home,"910 Beech St, Winnsboro, TX"
North Houston Transitional Care,"9814 Grant Road, Houston, TX"
Sunrise Nursing and Rehab,"50 Briggs Avenue, San Antonio, TX"
(old) Treemont Nursing and Rehab center,"2501 Westerland Dr., Houston, TX"
(old) Caraday of Mount Vernon (WILLOW CREEK),"501 Yates Street, Mount Vernon, TX"
(old) Heritage Healthcare Residence (Caraday Quitman),"1026 E Goode Street, Quitman, TX"
Winters Healthcare Residence,"506 Van Ness St, Winters, TX"
Pecan Manor Nursing and Rehab,"413 Mansfield Cardinal Rd, Kennedale, TX"
Liberty Healthcare,"1206 N Travis St, Liberty, TX"
Cedar Hill Centre,"1000 E Avenue J, Lampasas, TX"
Whispering Pines/Mission Manor,", , TX"
Colonial Manor McAllen (Pharr),"1100 W Minnesota Rd, Pharr, TX"
(old) Copperas Cove Nursing & Rehab,"607 W Avenue B, Copperas Cove, TX"
The Crossing League City," 255 Egret Bay Blvd, League City, TX"
Heritage Park of Katy,"6001 George Bush Drive, Katy, TX"
Grace Care Center Katy,"23553 W Fernhurst Dr, Katy, TX"
(old) Mineola (Caraday of Mineola),"716 Mimosa St, Mineola, TX"
(old) Test - Gideon's Facility,", , TX"
Test - Elliot's Facility,", , TX"
(old) Test - Faigy's Facility,", , TX"
(old) Test - Gid P's Other Facility,", , TX"
(old) Test - Robbin's Facility,", , TX"
(old) Test - Generic Facility,", , TX"
Hico Nursing and Rehab,"712 Railroad Ave., Hico, TX"
Pecan Valley Healthcare Residence,"1405 W. Storey Street, San Saba, TX"
(old) Edgewood Rehabilitation and Care Center,"1101 WINDBELL DR, MESQUITE, TX"
Cherokee Rose Nursing and Rehabilitation,"203 Gibbs Blvd, Glen rose, TX"
(old) St. Anthony's Care Center,"7501 Bagby Ave, Waco, TX"
(old) Heritage Plaza Nursing Center,"600 W 52nd St., Texarkana, TX"
(old) Bluebonnet Place//,"3601 Victoria Ave, College Station, TX"
(old) Athens Healthcare & Rehabilitation//,"305 S. Palestine St., Athens, TX"
(old) Christian Care Center & Nstep Rehab,"1008 Citizens Trail, Texarkana, TX"
SunFlower Park Health Care,"1803 Highway 243, East Kaufman, TX"
(old) Belterra Nursing and Rehab/,"2170 N Lake Forest Dr, McKinney, TX"
(old) Sharpview Residence and Rehabilitation Center,"7505 Bellerive Dr, Houston, TX"
(old) Buena Vida Nursing & Rehab Odessa/,"3800 Englewood Ln, Odessa, TX"
(old) Deerings Nursing&Rehab/,"1020 N County Rd W, Odessa, TX"
Harmony Care at Brookshire,"710 Hwy 359 S, Brookshire, TX"
Legacy N&R of Bryan,"2817 Kent St, Bryan, TX"
(old) Sienna Nursing & Rehab,"2510 W 8th St, Odessa, TX"
Legacy Nursing & Rehab of Cameron,"2202 N Travis Ave, Cameron, TX"
(old) Copperas Hollow Nurse/,"345 Country Club Dr, Caldwell, TX"
(old) Colonial Heights/,"4200 Shepherd Lane, Balch Springs, TX"
(old) Big Spring Center for Skilled Care/,"3701 Wasson Rd, Big Spring, TX"
(old) Beltline Senior Care/,"106 Belt Line Rd, Garland, TX"
Jacinto Nursing & Rehab Center,"1405 Holland Ave, Houston, TX"
Wonder City (Hopewell),"4200 Shepherd Lane, BALCH SPRINGS, TX"
(old) Legend of Fort Worth,"8600 N Riverside Dr, Fort Worth, TX"
Estates Healthcare&Rehab Center,"201 Sycamore School Road, Fort Worth, TX"
Brookdale Sugar Land,"151 Commerce Green Blvd, Sugar Land, TX"
Tele facility of Texas,"505 West Centerville Road, Garland, TX"
St. James House of Baytown,"5800 W. Baker Rd, Baytown, TX"
Willow Creek Lodge of Tomball,"11830 Northpointe Blvd, Tomball, TX"
Falcon Point Post Acute,"23553 W Fernhurst, Katy, TX"
(old) Sonoma House,"2048 E Hebron Parkway, Carrollton, TX"
(old) Colonial Oaks at Pearland (The Reserve at Pearland),"2940 Cullen Parkway, Pearland, TX"
(old) Zion Healthcare Cypress,"10851 Crescent Moon Dr, Houston, TX"
(old) Arlington Residence and Rehab Center/,"405 Duncan Perry Rd, Arlington, TX"
(old) Arlington Villa,"2601 W Randol Mill Rd, Arlington, TX"
(old) Greenbrier Health Care Center,"301 West Randol Mill Road, Arlington, TX"
The Heights of North Houston,"303 Hollow Tree Lane, Houston, TX"
(old) The Stayton at Museum Way,"2501 Museum Way, Fort Worth, TX"
Brighton Senior Living of Cypress,"9602 Huffmeister Rd., Houston, TX"
(old) Bridgecrest Rehabilitation Suites,"14100 Karissa Court, Houston, TX"
Addington Place of Meyerland,"4710 W Bellfort Blvd, Houston, TX"
(old) Brookdale Pearland,"2121 Scarsdale Blvd, Pearland, TX"
(old) Brookdale Lewisville,"965 N. Garden Ridge Blvd, Lewisville, TX"
(old) RockBrook Memory Care,"2215 Rockbrook Dr., Lewisville, TX"
(old) Bridgewater Memory Care,"900 Autumn Ridge Dr, Granbury, TX"
Chelsea Gardens,"4422 Riverstone Blvd, Missouri City, TX"
(old) Lakeshore,"5250 Medical Dr, Rockwall, TX"
(old) Canyon Creek Memory Care,"4257 Lowes Dr., Temple, TX"
(old) Memory Lane Assisted Living,"32802 Wright Rd, Magnolia, TX"
Brookdale Shadowlake,"2835 Shadowbriar Dr, Houston, TX"
(old) Fairhaven Denton,"2400 N Bell Ave, Denton, TX"
Tuscany Village Skilled Nursing & Rehab,"2750 Miller Ranch Rd, Pearland, TX"
Paris Chalet Senior Living,"2410 Stillhouse Rd, Paris, TX"
(old) Anthology of Stonebridge Ranch,"3300 S Stonebridge Dr, McKinney, TX"
(old) Cambridge Square Assisted Living,"2700 Avenue N, Rosenberg, TX"
Country Village Care SNF,"721 W Mulberry St, Angleton, TX"
(old) Seasons Conroe,"1 Briarwood Drive, Conroe, TX"
Accel at College Station,"1500 Medical Avenue, College Station, TX"
(old) Seasons Navasota//,"1103 Water Street, Navasota, TX"
(old) Cariad at North Brook,"2301 North Brook Dr, McKinney, TX"
(old) Cariad at Village Creek,"5217 Village Creek Dr, Plano, TX"
(old) (Not in Use) Caraday of Mount Vernon,"501 Yates Street, Mount Vernon, TX"
Caraday of Lampasas,"1000 E. Avenue J, Lampasas, TX"
(old) Courtyards at River Park(Truewood),"3201 River Park Dr, Fort Worth, TX"
Oakmont of Katy,"1525 Tull Dr, Katy, TX"
(old) Windsor Court Senior Living,"1101 Jameson St, Weatherford, TX"
The Village of Meyerland,"4141 N Braeswood Blvd, Houston, TX"
(old) Page in Life Healthcare,"16941 Valiant Oak St, Conroe, TX"
(old) Morada Friendswood,"1310 South Friendswood Drive, Friendswood, TX"
(old) Com for Care Bellaire,"5217 Spruce St, Bellaire, TX"
The Woodlands,"4650 S Panther Creek Dr, Spring, TX"
(old) The Village at The Woodlands// Waterway//,"2323 Lake Robbins Dr, The Woodlands, TX"
(old) Mirabella,"4242 Bryant Irvin Road, Fort Worth, TX"
(old) Richmond Meadows (Magnolia at the Oaks),"4205 Richmond Meadows, Texarkana, TX"
(old) Com for Care Leader,"7106 Leader, Houston, TX"
(old) The Oaks Gracious Retirement Living,"3720 Williams Dr, Georgetown, TX"
Spring Creek Village,"20305 Holzwarth Road, Spring, TX"
The Heritage of Clearlake,"14225 Crescent Landing Dr, Houston, TX"
(old) Giddings Residence & Rehab Center,"1181 N Williamson St, Giddings, TX"
(old) Meadow Creek SL,"2400 W Pleasant Run Rd, Lancaster, TX"
(old) Cedar Hill SL,"602 E Belt Line Rd, Cedar Hill, TX"
(old) Deer Creek SL,"747 W Pleasant Run Rd, DeSoto, TX"
Sinceri Senior Living,"2555 South Braeswood Boulevard, Houston, TX"
Windsor Quail Valley,"3640 Hampton Dr, Missouri City, TX"
(old) Brookdale Texarkana,"4204 Moores Ln, Texarkana, TX"
"(old) Truewood by Merrill, Keller","200 Keller Smithfield Road South, Keller, TX"
(old) Whispering Pines of Texarkana,"5002 Elizabeth St, Texarkana, TX"
Stevens N&R Center of Hallettsville,"106 Kahn St, Hallettsville, TX"
(old) Hallettsville Nursing & Rehab,"825 Fairwinds St, Hallettsville, TX"
(old) Colonial Lodge AL,"5001 Elizabeth St, Texarkana, TX"
Edgewood Manor,"4925 Elizabeth St, Texarkana, TX"
Accent Care (TexasHomeHealth),"12808 W. Airport Blvd, Sugar Land, TX"
(old) Peach Creek AL//,"1488 Stokes Circle, College Station, TX"
The Gardens of Bellaire,"4620 Bellaire Blvd, Bellaire, TX"
Parkway Place Buckner,"1321 Park Bayou Dr, Houston, TX"
Bethesda Gardens Ft Worth,"5417 Altamesa Blvd, Fort Worth, TX"
(old) Iris Memory Care of Turtle Creek,"3611 Dickason Ave, Dallas, TX"
(old) Ariel Pointe,"3400 Miles Rd, Sachse, TX"
(old) Ariel Pointe Independent Living,"3400 Miles Rd, Sachse, TX"
Wharton Nursing & Rehab,"1220 Sunny Ln, Wharton, TX"
Bay Villa HCC (P@Bay City),"1800 13th St, Bay City, TX"
(old) Long Creek,"301 T.C. Lupton Blvd, Sunnyvale, TX"
(old) Willow Park,"1000 FM 3220, Clifton, TX"
(old) The Concierge,"2310 Eldridge Pkwy S, Houston, TX"
(old) Cornerstone,"4100 Moores Lane, Texarkana, TX"
(old) Inspired Living Lewisville,"1080 W Round Grove Rd, Lewisville, TX"
Kruse Village,"1700 E Stone St, Brenham, TX"
Paradigm at Westbury,"5201 South Willow Drive, Houston, TX"
Paradigm at First Colony,"4710 Lexington Blvd, Missouri City, TX"
Paradigm at Woodwind Lakes,"7215 Windfern Road, Houston, TX"
Caney Creek (P@The Creek),"1405 Valhalla Drive, Wharton, TX"
Garden Villa (P@The Prairies),"106 Del Norte Drive, El Campo, TX"
Colonial Care Center (P@The Oak),"507 West Avenue, Schulenburg, TX"
Stevens HC of Yoakum (P@Stevens),"204 Walter Street, Yoakum, TX"
(old) The Oaks Independent SL,"4317 McKnight Rd, Texarkana, TX"
Reserve at First Colony,"13825 Lexington Blvd, Sugar Land, TX"
(old) Thomas Manor,"2275 Thomas Trace, Friendswood, TX"
The Oasis at Beaumont,"2660 Brickyard Rd, Beaumont, TX"
(old) Vista//,"4300 Vista Rd, Pasadena, TX"
Sweeny House (P@Sweeny),"109 N McKinney St, Sweeny, TX"
(old) Iris Memory Care of Rowlett,"4906 Miller Rd, Rowlett, TX"
(old) The Shores at Clear Lake,"19400 Space Center Blvd, Houston, TX"
Traditions in Sherman,"505 FM1417, Sherman, TX"
(old) Brookdale Spring Shadows,"9889 Kempwood Dr, Houston, TX"
(old) Sequoia Health,"25511 Budde Rd. Suite 2501, Spring, TX"
(old) The Buckingham,"8580 Woodway, Houston, TX"
Ignite Medical Resort Webster,"16130 Galveston Rd, Webster, TX"
Heritage Oaks,"903 Longmire Rd, Conroe, TX"
(old) Bethesda Gardens Frisco,"10588 Legacy Dr, Frisco, TX"
The Harbor AL,"2900 Province Village Dr, Pearland, TX"
(old) BeeHive Granbury,"1900 Acton Highway, Granbury, TX"
Stephenville Nursing & Rehab,"2311 W Washington St, Stephenville, TX"
(old) Westpark,"900 Westpark Way, Euless, TX"
(old) The Villa at Texarkana,"4920 Elizabeth St, Texarkana, TX"
Reunion Plaza,"1401 Hampton Rd, Texarkana, TX"
The Forum at Memorial Woods,"777 N Post Oak Rd, Houston, TX"
Home Health Agencies,"1601 Main Street, Richmond, TX"
(old) Quest Homes,"539 S Chestnut St Ste 300, Lufkin, TX"
(old) The Heritage of Clearlake (Addington Place),"14225 Crescent Landing Dr, Houston, TX"
(old) Creekside,"11200 Discovery Bay Dr, Pearland, TX"
Focused Care at Allenbrook,"4109 Allenbrook Dr, Baytown, TX"
MorningStar at River Oaks,"2315 Richmond Ave, Houston, TX"
Granbury Care Center,"301 S Park Dr, Granbury, TX"
(old) Independent Living/Dierksen Hospice,"5520 Plaza Drive, Texarkana, TX"
(old) Brighton SL at Regency Village,"409 Greene Street, Webster, TX"
(old) Allstar Boarding MANORGLEN,"1207 MANORGLEN DR, MISSOURI CITY, TX"
(old) Allstar Boarding QUAIL PARK,"16603 QUAIL PARK DR, MISSOURI CITY, TX"
(old) Allstar Boarding Houston,"7014 CHESHIRE PARK RD, HOUSTON, TX"
Oasis at Galleria,"2808 Stoney Brook Dr, Houston, TX"
(old) Brookdale Champion Oaks,"17705 Red Oak Dr, Houston, TX"
Strake Place,"1701 Westview Blvd, Conroe, TX"
Apex Oaks at Cypress,"13702 Wimbledon Oaks Dr, Houston, TX"
Oasis at Pearland (Windsong),"3400 E Walnut St, Pearland, TX"
(old) Sodalis Deer Park,"2000 East Blvd, Deer Park, TX"
(old) Kruse Village La Roche Manor ALF,"1700 E Stone St, Brenham, TX"
The Delaney at Parkway Lakes,"21700 Bellaire Boulevard, Richmond, TX"
Summers Cottage,"25120 Lakeview Rd, Katy, TX"
(old) Gentle Hands,"1319 Kenforest Drive, Missouri City, TX"
Williamsburg - 100 Hall,"940 York Dr, DeSoto, TX"
Williamsburg - 200 Hall,"940 York Dr, DeSoto, TX"
Williamsburg - 600 Hall,"940 York Dr, DeSoto, TX"
Williamsburg - 700 Hall,"940 York Dr, DeSoto, TX"
Williamsburg - Memory Care Hall,"940 York Dr, DeSoto, TX"
(old) The Village at Sugar Land,"2100 Village Living Ct, Sugar Land, TX"
Focused Care at Brenham,"1303 Hwy 290 E, Brenham, TX"
(old) Lewisville Estates,"800 College Pkwy, Lewisville, TX"
Pine Arbor (P@The Pines),"705 Old Hwy 418 w, Silsbee, TX"
Paradigm Northwest,"17600 Cali Dr, Houston, TX"
Paradigm at Faith Memorial,"811 Garner, Pasadena, TX"
Paradigm at The Brazos,"2127 Preston St, Richmond, TX"
Paradigm at Kountze,"604 FM 1293, Kountze, TX"
(old) Barton House,"2229 Williams Trace Blvd, Sugar Land, TX"
(old) Heritage Tomball,"1221 Graham Drive, Tomball, TX"
Landon Ridge Sugar Land AL,"770 Brooks St, Sugar Land, TX"
The Reserve at Pasadena,"4004 Vista Rd, Pasadena, TX"
Wesley House,"3291 E Broadway, Gainesville, TX"
Autumn Wind,"1004 E Coke Rd, Winnsboro, TX"
The Eden of Las Colinas,"2101 W Northgate Dr, Irving, TX"
Vidor,"470 Moore Dr, Vidor, TX"
Woodland Manor,"99 Rigby Owen Rd, Conroe, TX"
Nazareth,"1475 Raynolds St, El Paso, TX"
(old) Dr.Grumbles house call,"301 University Blvd, Galveston, TX"
Brady West,"2201 Menard Hwy, Brady, TX"
Clyde NC,"806 Stephens Street, Clyde, TX"
Crowell,"200 South, Crowell, TX"
Prairie House,"1301 Mesa Drive, Plainview, TX"
Seymour,"1110 Westview Drive, Seymour, TX"
Windcrest,"6050 Hospital Dr, Abilene, TX"
(old) Affectionate Care,"25155 Fulshear-Gaston Rd, Richmond, TX"
(old) San Jacinto Manor (Deer Park),"206 W P St, Deer Park, TX"
(old) Center at Zaragoza,"12660 Pebble Hills Blvd, El Paso, TX"
The Park at Bay Area,"5000 Space Center Blvd, Pasadena, TX"
Individual Care of Texas,"1655 Pvt Rd 2530, Quinlan, TX"
Focused Care at Beechnut,"12777 Beechnut St, Houston, TX"
Advanced Home Health,"1212 Corporate Drive, Suite 125, Irving, TX"
The Rehab Suites at Magnolia Crossing,"10800 Flora Mae Meadows, Houston, TX"
(old) VibraLife El Paso,"3421 Joe Battle Blvd, El Paso, TX"
Oasis at Austin,"3509 Rogge Ln, Austin, TX"
(old) Allstar Boarding Turtle Creek,"2411 Turtle creek, MISSOURI CITY, TX"
Willis Nursing and Rehabilitation,"3000 N. Danville, Willis, TX"
S.P.J.S.T. Rest Home3 (El Campo),"248 Wisteria Lane, El Campo, TX"
Brenham Nursing & Rehab Center,"400 East Sayles, Brenham, TX"
North Texas TeleHealth,"1143 Rockinham Dr 107, Richardson, TX"
Oakland Manor,"1400 N. Main St., Giddings, TX"
Creekside Retirement Community,"1433 Veterans Memorial Parkway, Huntsville, TX"
Huntsville Health Care Center,"2628 Milam St, Huntsville, TX"
Memorial City Nursing & Rehab Center,"1341 Blalock Road, Houston, TX"
(old) Allstar Boarding Frontier,"3931 Frontier Dr, Sugar Land, TX"
Country Village Care ALF,"721 W Mulberry St, Angleton, TX"
Country Village Care MC,"721 W Mulberry St, Angleton, TX"
Copperfield Healthcare and Rehabilitation,"7107 Queenston Boulevard, Houston, TX"
(old) Tomball Retirement Center,"13415 Medical Complex Dr., Tomball, TX"
(old) Colonial Oaks SL at Campbell Park,"1501 W Campbell Rd, Garland, TX"
Columbus Oaks ALF,"300 North St, Columbus, TX"
Conroe Health Care Center,"2019 N Frazier St, Conroe, TX"
Columbus Oaks SNF,"300 North St, Columbus, TX"
Autumn Oaks of Corinth,"3440 Corinth Pkwy, Corinth, TX"
Pecan Creek HC,"910 E Pierson St, Hamilton, TX"
Vintage HCC,"205 N. Bonnie Brae, Denton, TX"
(old) Willow Fork Alzheimer's Special Care Center,"4024 Westheimer Pkwy, Katy, TX"
Brookdale Trinity Towers,"101 N. Upper Broadway, Corpus Christi, TX"
Ignite Medical Resort Fort Worth,"6301 Oakmont Blvd, Fort Worth, TX"
The Phoenix Post Acute,"519 Ninth Avenue, Texas City, TX"
Afton,"7514 Kingsley Street, Houston, TX"
Richmond Health Care Center,"705 Jackson Street, Richmond, TX"
(old) Lanorah's Personal Care,"8230 HOMEWOOD LN, Houston, TX"
Sugar Land Health Care Center,"333 Matlage Way, Sugar Land, TX"
Arboretum of Winnie N&Rehab Center,"1215 Highway 124, Winnie, TX"
Focused Care at Webster,"17231 Mill Forest Rd, Webster, TX"
Quality Comfort Care 1 PCH,"3227 Meadow Creek Dr, Missouri, TX"
Noah's Ark PCH,"8114 Burning Hill Dr, Houston, TX"
Luxes PCH,"8204 Lavender St, Houston, TX"
Quality Comfort Care 2 PCH,"8407 Blossom Bell Ln, Houston, TX"
Quality Comfort Care 3 PCH,"7502 Marinette Dr, Houston, TX"
Cleveland Health Care,"903 E Houston, Cleveland, TX"
The Hills Nursing & Rehab,"201 E Thompson St, Decatur, TX"
(old) Laya Care Home,"6511 rosemary lane, Houston, TX"
Veranda House,"5129 E 5th St, Katy, TX"
His Grace Senior Living Center,"4011 Viewpoint St, Katy, TX"
Kadtems Care Center,"3258 Meadway DR, Houston, TX"
S.P.J.S.T. Rest Home1 (Taylor),"1810 Old Granger Road, Taylor, TX"
(old) Focused Care at Burnet Bay,"3921 N Main St, Baytown, TX"
Brookdale Trinity Towers MC Unit,"101 N. Upper Broadway, Corpus Christi, TX"
Royalty Independent,"9207 Neff St, Houston, TX"
Gracious Community Homes,"3900 Joe Ramsey Blvd E #10A, Greenville, TX"
The Legacy at Falcon Point,"1520 Katy Gap Rd, Katy, TX"
Grace Extended RAL,"9018 Covent Garden, Houston, TX"
Brookdale Trinity Towers SNF,"317 North Carancahua, Corpus Christi, TX"
Focused Care at Huntsville,"1302 Nottingham St, Huntsville, TX"
Brookdale Trinity Towers LTC,"101 N. Upper Broadway, Corpus Christi, TX"
Five Points College Station,"3105 Corsair Dr, College Station, TX"
(old) God's Calling PCH,"24427 Veratti Ln, Katy, TX"
Lanorah's Care Katy,"19302 bristle star drive, Katy, TX"
Douglas Family Caring Home1,"1703 Lindy Lane, Conroe, TX"
Douglas Family Caring Home2,"3550 Mirror Ct, Spring, TX"
Ignite MR Katy,"1222 Park West Green Dr, Katy, TX"
West Janisch Heallth Care Center,"617 Janisch Rd, Houston, TX"
Advanced R&HC of Burleson - SNF,"275 Southeast John Jones Drive, Burleson, TX"
Advanced R&HC of Bowie,"700 US 287 South, Bowie, TX"
Avalon Place Kirbyville,"700 N Herndon St, Kirbyville, TX"
Corpus Telehealth,"101 N Upper Broadway, Corpus Christi, TX"
Brookdale Trinity Towers AL,"101 N. Upper Broadway, Corpus Christi, TX"
Legacy Estate,"10133 TX-16, Comanche, TX"
Autumn Wind AL,"1 Autumn Cir, New Boston, TX"
The Medical Resort at Sugar Land,"1803 Wescott Ave, Sugar Land, TX"
High Hope CC of Brenham,"401 E Blue Bell Rd, Brenham, TX"
Eagle Crest Rapid Recovery,"9602 Huffmeister Rd, Houston, TX"
Optimum Personal Care,"1110 Lakeview Dr, Sugar Land, TX"
Advanced R&HC of Vernon,"4401 College Dr, Vernon, TX"
Arbor Hills R&HC,"535 Austin Rd, Eagle Lake, TX"
Madisonville Care Center,"411 E Collard St, Madisonville, TX"
Focused Care at Clarksville,"2407 West Main, Clarksville, TX"
Focused Care at Linden,"1201 W Houston St, Linden, TX"
Focused Care at Mount Pleasant,"1606 Memorial St, Mount Pleasant, TX"
Focused Care of Gilmer,"623 State Hwy 155 N, Gilmer, TX"
(old)Wonder City Rehab & Nursing Center,"905 Cousins Ave, Hopewell, VA"
(old)Westport Rehab & Nursing Center,"7300 Forest Ave, Richmond, VA"
Colonial Heights Rehab & Nursing Center,"831 E Ellerslie Ave, Colonial Heights, VA"
Canterbury,"1776 Cambridge Drive, Richmond, VA"
Valley ALF,"940 East Lee Highway, Chilhowie, VA"
(old)Glenburnie,"1901 Libbie Avenue, Richmond, VA"
Highland Ridge Rehab Center,"5872 Hanks Ave, Dublin, VA"
(old)Blue Ridge Therapy Connection,"105 Landmark Drive, Stuart, VA"
Northern Neck Senior Care,"20 Delfae Drive, Warsaw, VA"
(old)Three Rivers,"2960 Chelsea Road, West Point, VA"
(old)Waterview,"414 Algonquin Road, Hampton, VA"
Brookside Rehab and Nursing,"614 Hastings Lane, Warrenton, VA"
Skyview Springs Rehab & Nursing Center,"30 Montvue Drive, Luray, VA"
Supportive Care of VA Tele facility,", , VA"
Henrico Health & Rehabilitation Center,"561 N Airport Dr, Highland Springs, VA"
(old)Parham,"2400 E Parham Rd, Richmond, VA"
Louisa Health & Rehabilitation,"210 Elm St, Louisa, VA"
(old)Appomattox,"235 Evergreen Ave, Appomattox, VA"
Hanover,"8139 Lee Davis Rd, Mechanicsville, VA"
Richfield,"3719 Knollridge Rd, Salem, VA"
August Healthcare at Richmond,"1503 Michaels Road, Richmond, VA"
August ALF Richmond,"1503 Michaels Road, Richmond, VA"
(old)Choice Healthcare at Lynchburg,"2081 Langhorne Road, Lynchburg, VA"
Iliff Nursing,"8000 Iliff Drive, Dunn Loring, VA"
Laurels at University Park,"2420 Pemberton Road, Richmond, VA"
(old)Lynchburg Health and Rehab,"5615 Seminole Ave, Lynchburg, VA"
Brookview Assisted Living,"2003 Cobb Street, Farmville, VA"
Evergreen,"380 Millwood Ave, Winchester, VA"
Fairmont Crossing,"173 Brockman Park Drive, Amherst, VA"
Guggenheimer,"902 Grace Street, Lynchburg, VA"
Holly Manor,"2003 Cobb Street, Farmville, VA"
Lynn Care Center,"1000 North Shenandoah Ave, Front Royal, VA"
Skyview Springs ,"30 Montvue Drive, Luray, VA"
Summit,"1300 Enterprise Drive, Lynchburg, VA"
(old)Berkshire,"705 Clearview Dr, Vinton, VA"
(old)Rural Retreat,"514 N Main Street, Rural Retreat, VA"
(old)Chelsea,"2715 Dogtown Road, Goochland, VA"
Westmoreland,"2400 McKinney Blvd, Colonial Beach, VA"
Blue Ridge Senior Living of Richmond,"12411 Gayton Rd, Richmond, VA"
Loudoun Rehabilitation & Nursing Center,"235 Old Waterford Road Northwest, Leesburg, VA"
Fairfax Rehabilitation and Nursing Center,"10701 Main Street, Fairfax, VA"
The Rehab Center and Memory Care at Bristol - SNF,"301 Village Circle, Bristol, VA"
Star City Rehabilitation(Richfield - Roanoke),"1047 Mecca Street NE, Roanoke, VA"
The Rehab Center and Memory Care at Bristol - ALF,"301 Village Circle, Bristol, VA"
Staunton Post Acute & Rehabilitation,"512 Houston Street, Staunton, VA"
Woodstock Terrace,"39 Sawyer Rd, Woodstock, VT"
Springfield Health & Rehabilitation Center,"105 Chester Rd, Springfield, VT"
test,"test, test, VT"
Berlin Health & Rehab Center,"98 Hospitality Dr, Barre, VT"
Burlington Health & Rehab,"300 Pearl St, Burlington, VT"
Saint Albans Healthcare & Rehabilitation Center,"596 Sheldon Rd, St Albans City, VT"
St Johnsbury Health Rehab Center,"1248 Hospital Drive, Saint Johnsbury, VT"
